VIDEO,FRAME,LABEL
1,001,0
1,002,0
1,003,0
1,004,0
1,005,0
1,006,0
1,007,0
1,008,0
1,009,0
1,010,0
1,011,1
1,012,1
1,013,1
1,014,1
1,015,1
1,016,1
1,017,1
1,018,1
1,019,1
1,020,1
1,021,1
1,022,1
1,023,1
1,024,1
1,025,1
1,026,1
1,027,1
1,028,1
1,029,1
1,030,1
1,031,1
1,032,1
1,033,1
1,034,1
1,035,1
1,036,1
1,037,1
1,038,1
1,039,1
1,040,1
1,041,1
1,042,1
1,043,1
1,044,1
1,045,1
1,046,1
1,047,1
1,048,1
1,049,1
1,050,1
1,051,1
1,052,1
1,053,1
1,054,1
1,055,1
1,056,1
1,057,1
1,058,3
1,059,3
1,060,3
1,061,3
1,062,3
1,063,5
1,064,5
1,065,5
1,066,5
1,067,5
1,068,5
1,069,5
1,070,5
1,071,5
1,072,5
1,073,5
1,074,5
1,075,5
1,076,3
1,077,3
1,078,3
1,079,3
1,080,3
1,081,3
1,082,3
1,083,3
1,084,3
1,085,4
1,086,4
1,087,4
1,088,4
1,089,4
1,090,4
1,091,4
1,092,4
1,093,4
1,094,4
1,095,4
1,096,4
1,097,4
1,098,4
1,099,4
1,100,4
1,101,4
1,102,4
1,103,4
1,104,4
1,105,4
1,106,4
1,107,4
1,108,4
1,109,4
1,110,4
1,111,4
1,112,4
1,113,4
1,114,4
1,115,4
1,116,4
1,117,4
1,118,4
1,119,4
1,120,4
1,121,4
1,122,4
1,123,4
1,124,4
1,125,4
1,126,4
1,127,4
1,128,3
1,129,3
1,130,3
1,131,3
1,132,3
1,133,3
1,134,3
1,135,3
1,136,3
1,137,3
1,138,3
1,139,3
1,140,3
1,141,3
1,142,3
1,143,3
1,144,3
1,145,3
1,146,3
1,147,3
1,148,3
1,149,3
1,150,3
1,151,3
1,152,3
1,153,3
1,154,3
1,155,3
1,156,3
1,157,3
1,158,3
1,159,3
1,160,3
1,161,3
1,162,3
1,163,3
1,164,3
1,165,3
1,166,3
1,167,3
1,168,6
1,169,6
1,170,6
1,171,6
1,172,6
1,173,6
1,174,6
1,175,6
1,176,6
1,177,6
1,178,6
1,179,6
1,180,6
1,181,6
1,182,6
1,183,6
1,184,6
1,185,6
1,186,6
1,187,6
1,188,6
1,189,6
1,190,6
1,191,6
1,192,6
1,193,6
1,194,6
1,195,6
1,196,6
1,197,6
1,198,6
1,199,6
1,200,6
1,201,3
1,202,3
1,203,3
1,204,3
1,205,3
1,206,3
1,207,3
1,208,3
1,209,3
1,210,3
1,211,3
1,212,3
1,213,3
1,214,3
1,215,3
1,216,3
1,217,3
1,218,3
1,219,3
1,220,3
1,221,3
1,222,3
1,223,3
1,224,3
1,225,3
1,226,3
1,227,3
1,228,3
1,229,3
1,230,3
1,231,3
1,232,3
1,233,3
1,234,3
1,235,3
1,236,3
1,237,3
1,238,3
1,239,3
1,240,3
1,241,3
1,242,3
1,243,3
1,244,3
1,245,3
1,246,3
1,247,3
1,248,3
1,249,3
1,250,3
1,251,3
1,252,3
1,253,3
1,254,3
1,255,3
1,256,3
1,257,3
1,258,3
1,259,3
1,260,3
1,261,3
1,262,3
1,263,3
1,264,2
1,265,2
1,266,2
1,267,2
1,268,2
1,269,2
1,270,2
1,271,2
1,272,1
1,273,1
1,274,1
1,275,1
1,276,1
1,277,1
1,278,1
1,279,1
1,280,1
1,281,1
1,282,1
1,283,1
1,284,1
1,285,1
1,286,1
1,287,1
1,288,1
1,289,1
1,290,1
1,291,1
1,292,1
1,293,1
1,294,1
1,295,1
1,296,1
1,297,1
1,298,1
1,299,1
1,300,1
1,301,1
1,302,1
1,303,1
1,304,1
1,305,1
1,306,1
1,307,1
1,308,1
1,309,1
1,310,1
1,311,1
1,312,1
1,313,1
1,314,0
1,315,0
1,316,0
1,317,0
1,318,0
1,319,0
1,320,0
1,321,0
1,322,0
2,001,0
2,002,0
2,003,0
2,004,0
2,005,0
2,006,0
2,007,0
2,008,1
2,009,1
2,010,1
2,011,1
2,012,1
2,013,1
2,014,1
2,015,1
2,016,1
2,017,1
2,018,1
2,019,1
2,020,1
2,021,1
2,022,1
2,023,1
2,024,1
2,025,1
2,026,1
2,027,1
2,028,1
2,029,1
2,030,1
2,031,1
2,032,1
2,033,1
2,034,1
2,035,1
2,036,1
2,037,1
2,038,1
2,039,1
2,040,1
2,041,1
2,042,1
2,043,1
2,044,1
2,045,1
2,046,1
2,047,1
2,048,3
2,049,3
2,050,3
2,051,3
2,052,3
2,053,5
2,054,5
2,055,5
2,056,5
2,057,5
2,058,5
2,059,5
2,060,5
2,061,5
2,062,5
2,063,5
2,064,5
2,065,5
2,066,5
2,067,5
2,068,5
2,069,5
2,070,5
2,071,5
2,072,5
2,073,5
2,074,5
2,075,5
2,076,5
2,077,5
2,078,5
2,079,5
2,080,5
2,081,5
2,082,5
2,083,5
2,084,5
2,085,3
2,086,3
2,087,3
2,088,3
2,089,3
2,090,4
2,091,4
2,092,4
2,093,4
2,094,4
2,095,4
2,096,4
2,097,4
2,098,4
2,099,3
2,100,3
2,101,3
2,102,3
2,103,3
2,104,3
2,105,3
2,106,3
2,107,3
2,108,3
2,109,3
2,110,3
2,111,3
2,112,3
2,113,3
2,114,3
2,115,3
2,116,3
2,117,3
2,118,3
2,119,3
2,120,3
2,121,3
2,122,3
2,123,3
2,124,3
2,125,3
2,126,3
2,127,3
2,128,3
2,129,3
2,130,3
2,131,3
2,132,3
2,133,3
2,134,3
2,135,3
2,136,3
2,137,3
2,138,3
2,139,3
2,140,3
2,141,3
2,142,3
2,143,3
2,144,3
2,145,3
2,146,3
2,147,3
2,148,3
2,149,3
2,150,3
2,151,3
2,152,3
2,153,3
2,154,3
2,155,3
2,156,3
2,157,3
2,158,3
2,159,3
2,160,4
2,161,4
2,162,4
2,163,4
2,164,4
2,165,4
2,166,4
2,167,3
2,168,3
2,169,3
2,170,3
2,171,3
2,172,3
2,173,3
2,174,3
2,175,3
2,176,3
2,177,3
2,178,3
2,179,3
2,180,3
2,181,3
2,182,3
2,183,3
2,184,3
2,185,3
2,186,3
2,187,3
2,188,3
2,189,6
2,190,6
2,191,3
2,192,3
2,193,3
2,194,3
2,195,3
2,196,3
2,197,3
2,198,3
2,199,3
2,200,3
2,201,3
2,202,3
2,203,3
2,204,3
2,205,3
2,206,3
2,207,3
2,208,3
2,209,3
2,210,3
2,211,3
2,212,3
2,213,3
2,214,3
2,215,3
2,216,3
2,217,3
2,218,3
2,219,3
2,220,3
2,221,3
2,222,3
2,223,3
2,224,3
2,225,3
2,226,3
2,227,3
2,228,3
2,229,3
2,230,3
2,231,3
2,232,3
2,233,3
2,234,3
2,235,3
2,236,3
2,237,3
2,238,3
2,239,3
2,240,3
2,241,6
2,242,6
2,243,6
2,244,6
2,245,6
2,246,6
2,247,6
2,248,6
2,249,6
2,250,6
2,251,6
2,252,3
2,253,3
2,254,3
2,255,3
2,256,3
2,257,3
2,258,3
2,259,3
2,260,3
2,261,3
2,262,3
2,263,3
2,264,3
2,265,3
2,266,3
2,267,3
2,268,3
2,269,3
2,270,3
2,271,3
2,272,3
2,273,3
2,274,3
2,275,3
2,276,3
2,277,3
2,278,3
2,279,3
2,280,3
2,281,3
2,282,3
2,283,3
2,284,3
2,285,3
2,286,3
2,287,3
2,288,3
2,289,3
2,290,3
2,291,3
2,292,3
2,293,3
2,294,3
2,295,3
2,296,3
2,297,3
2,298,3
2,299,6
2,300,6
2,301,6
2,302,6
2,303,6
2,304,6
2,305,6
2,306,6
2,307,6
2,308,6
2,309,6
2,310,6
2,311,6
2,312,3
2,313,3
2,314,3
2,315,3
2,316,3
2,317,3
2,318,3
2,319,3
2,320,3
2,321,3
2,322,3
2,323,3
2,324,3
2,325,3
2,326,3
2,327,3
2,328,3
2,329,3
2,330,3
2,331,2
2,332,2
2,333,2
2,334,2
2,335,2
2,336,2
2,337,2
2,338,2
2,339,2
2,340,1
2,341,1
2,342,1
2,343,1
2,344,1
2,345,1
2,346,1
2,347,1
2,348,1
2,349,1
2,350,1
2,351,1
2,352,1
2,353,1
2,354,1
2,355,1
2,356,1
2,357,1
2,358,1
2,359,1
2,360,1
2,361,1
2,362,1
2,363,1
2,364,1
2,365,1
2,366,1
2,367,1
2,368,1
2,369,1
2,370,1
2,371,1
2,372,1
2,373,1
2,374,1
2,375,1
2,376,1
2,377,1
2,378,1
2,379,1
2,380,1
2,381,1
2,382,1
2,383,1
2,384,0
2,385,0
2,386,0
2,387,0
2,388,0
2,389,0
2,390,0
3,001,0
3,002,0
3,003,0
3,004,0
3,005,0
3,006,0
3,007,1
3,008,1
3,009,1
3,010,1
3,011,1
3,012,1
3,013,1
3,014,1
3,015,1
3,016,1
3,017,1
3,018,1
3,019,1
3,020,1
3,021,1
3,022,1
3,023,1
3,024,1
3,025,1
3,026,1
3,027,1
3,028,1
3,029,1
3,030,1
3,031,1
3,032,1
3,033,1
3,034,1
3,035,1
3,036,1
3,037,1
3,038,1
3,039,1
3,040,1
3,041,1
3,042,1
3,043,1
3,044,1
3,045,1
3,046,1
3,047,1
3,048,1
3,049,1
3,050,1
3,051,1
3,052,1
3,053,1
3,054,1
3,055,1
3,056,1
3,057,3
3,058,3
3,059,3
3,060,3
3,061,3
3,062,3
3,063,3
3,064,3
3,065,3
3,066,5
3,067,5
3,068,5
3,069,5
3,070,5
3,071,5
3,072,5
3,073,5
3,074,5
3,075,5
3,076,5
3,077,5
3,078,5
3,079,5
3,080,5
3,081,5
3,082,5
3,083,5
3,084,5
3,085,5
3,086,5
3,087,5
3,088,5
3,089,5
3,090,5
3,091,5
3,092,5
3,093,3
3,094,3
3,095,3
3,096,3
3,097,3
3,098,3
3,099,4
3,100,4
3,101,4
3,102,4
3,103,4
3,104,4
3,105,4
3,106,4
3,107,4
3,108,4
3,109,4
3,110,4
3,111,4
3,112,4
3,113,4
3,114,4
3,115,4
3,116,4
3,117,4
3,118,4
3,119,3
3,120,3
3,121,3
3,122,3
3,123,3
3,124,3
3,125,3
3,126,3
3,127,3
3,128,3
3,129,3
3,130,4
3,131,4
3,132,4
3,133,4
3,134,4
3,135,4
3,136,4
3,137,4
3,138,4
3,139,4
3,140,4
3,141,4
3,142,4
3,143,4
3,144,4
3,145,4
3,146,3
3,147,3
3,148,3
3,149,3
3,150,3
3,151,3
3,152,3
3,153,3
3,154,3
3,155,3
3,156,3
3,157,3
3,158,3
3,159,3
3,160,3
3,161,3
3,162,3
3,163,3
3,164,3
3,165,3
3,166,3
3,167,3
3,168,3
3,169,3
3,170,3
3,171,3
3,172,3
3,173,3
3,174,3
3,175,3
3,176,3
3,177,3
3,178,3
3,179,3
3,180,3
3,181,3
3,182,3
3,183,3
3,184,3
3,185,3
3,186,3
3,187,3
3,188,6
3,189,6
3,190,6
3,191,6
3,192,6
3,193,6
3,194,6
3,195,6
3,196,6
3,197,6
3,198,6
3,199,6
3,200,6
3,201,6
3,202,6
3,203,6
3,204,6
3,205,6
3,206,6
3,207,3
3,208,3
3,209,3
3,210,3
3,211,3
3,212,3
3,213,3
3,214,3
3,215,3
3,216,3
3,217,3
3,218,3
3,219,3
3,220,3
3,221,3
3,222,3
3,223,3
3,224,3
3,225,3
3,226,3
3,227,3
3,228,3
3,229,3
3,230,3
3,231,3
3,232,3
3,233,3
3,234,3
3,235,3
3,236,3
3,237,3
3,238,3
3,239,3
3,240,3
3,241,3
3,242,3
3,243,3
3,244,3
3,245,3
3,246,3
3,247,3
3,248,3
3,249,3
3,250,3
3,251,3
3,252,3
3,253,3
3,254,3
3,255,3
3,256,3
3,257,3
3,258,3
3,259,3
3,260,3
3,261,3
3,262,3
3,263,3
3,264,3
3,265,3
3,266,3
3,267,3
3,268,3
3,269,3
3,270,3
3,271,3
3,272,3
3,273,3
3,274,3
3,275,3
3,276,3
3,277,3
3,278,3
3,279,3
3,280,3
3,281,3
3,282,3
3,283,3
3,284,3
3,285,3
3,286,3
3,287,3
3,288,3
3,289,3
3,290,3
3,291,3
3,292,3
3,293,3
3,294,3
3,295,3
3,296,3
3,297,3
3,298,3
3,299,3
3,300,3
3,301,3
3,302,2
3,303,2
3,304,2
3,305,2
3,306,2
3,307,2
3,308,2
3,309,2
3,310,2
3,311,2
3,312,2
3,313,2
3,314,1
3,315,1
3,316,1
3,317,1
3,318,1
3,319,1
3,320,1
3,321,1
3,322,1
3,323,1
3,324,1
3,325,1
3,326,1
3,327,1
3,328,1
3,329,1
3,330,1
3,331,1
3,332,1
3,333,1
3,334,1
3,335,1
3,336,1
3,337,1
3,338,1
3,339,1
3,340,1
3,341,1
3,342,1
3,343,1
3,344,1
3,345,1
3,346,1
3,347,1
3,348,1
3,349,1
3,350,1
3,351,1
3,352,1
3,353,1
3,354,1
3,355,1
3,356,1
3,357,1
3,358,1
3,359,1
3,360,0
3,361,0
3,362,0
3,363,0
3,364,0
3,365,0
3,366,0
3,367,0
4,001,0
4,002,0
4,003,0
4,004,0
4,005,0
4,006,0
4,007,0
4,008,0
4,009,0
4,010,1
4,011,1
4,012,1
4,013,1
4,014,1
4,015,1
4,016,1
4,017,1
4,018,1
4,019,1
4,020,1
4,021,1
4,022,1
4,023,1
4,024,1
4,025,1
4,026,1
4,027,1
4,028,1
4,029,1
4,030,1
4,031,1
4,032,1
4,033,1
4,034,1
4,035,1
4,036,1
4,037,1
4,038,1
4,039,1
4,040,1
4,041,1
4,042,1
4,043,1
4,044,1
4,045,1
4,046,1
4,047,1
4,048,1
4,049,1
4,050,1
4,051,1
4,052,1
4,053,1
4,054,1
4,055,1
4,056,1
4,057,1
4,058,3
4,059,3
4,060,3
4,061,3
4,062,3
4,063,3
4,064,5
4,065,5
4,066,5
4,067,5
4,068,5
4,069,5
4,070,5
4,071,5
4,072,5
4,073,5
4,074,5
4,075,5
4,076,5
4,077,5
4,078,5
4,079,5
4,080,5
4,081,5
4,082,5
4,083,5
4,084,3
4,085,3
4,086,3
4,087,3
4,088,3
4,089,3
4,090,4
4,091,4
4,092,4
4,093,4
4,094,4
4,095,4
4,096,4
4,097,4
4,098,4
4,099,4
4,100,4
4,101,4
4,102,4
4,103,4
4,104,4
4,105,4
4,106,4
4,107,4
4,108,4
4,109,4
4,110,4
4,111,4
4,112,4
4,113,4
4,114,4
4,115,4
4,116,4
4,117,4
4,118,4
4,119,4
4,120,4
4,121,3
4,122,3
4,123,3
4,124,3
4,125,3
4,126,3
4,127,3
4,128,3
4,129,3
4,130,3
4,131,3
4,132,3
4,133,3
4,134,3
4,135,3
4,136,3
4,137,3
4,138,3
4,139,3
4,140,3
4,141,3
4,142,3
4,143,3
4,144,3
4,145,3
4,146,3
4,147,3
4,148,3
4,149,3
4,150,3
4,151,3
4,152,3
4,153,3
4,154,3
4,155,3
4,156,3
4,157,3
4,158,3
4,159,3
4,160,3
4,161,3
4,162,3
4,163,3
4,164,3
4,165,3
4,166,3
4,167,3
4,168,3
4,169,3
4,170,3
4,171,3
4,172,3
4,173,3
4,174,3
4,175,3
4,176,3
4,177,3
4,178,6
4,179,6
4,180,6
4,181,6
4,182,6
4,183,6
4,184,6
4,185,6
4,186,6
4,187,6
4,188,6
4,189,6
4,190,6
4,191,6
4,192,6
4,193,6
4,194,6
4,195,6
4,196,6
4,197,6
4,198,6
4,199,6
4,200,6
4,201,6
4,202,6
4,203,6
4,204,6
4,205,3
4,206,3
4,207,3
4,208,3
4,209,3
4,210,3
4,211,3
4,212,3
4,213,3
4,214,3
4,215,3
4,216,3
4,217,3
4,218,3
4,219,3
4,220,3
4,221,3
4,222,3
4,223,3
4,224,3
4,225,3
4,226,3
4,227,3
4,228,3
4,229,3
4,230,3
4,231,3
4,232,3
4,233,3
4,234,3
4,235,3
4,236,3
4,237,3
4,238,3
4,239,3
4,240,3
4,241,3
4,242,3
4,243,3
4,244,3
4,245,3
4,246,3
4,247,3
4,248,3
4,249,3
4,250,3
4,251,3
4,252,3
4,253,3
4,254,3
4,255,3
4,256,3
4,257,3
4,258,3
4,259,3
4,260,3
4,261,3
4,262,3
4,263,3
4,264,3
4,265,3
4,266,3
4,267,3
4,268,3
4,269,3
4,270,3
4,271,3
4,272,3
4,273,3
4,274,3
4,275,3
4,276,3
4,277,3
4,278,3
4,279,3
4,280,3
4,281,3
4,282,3
4,283,3
4,284,3
4,285,3
4,286,3
4,287,3
4,288,3
4,289,3
4,290,3
4,291,3
4,292,3
4,293,3
4,294,3
4,295,3
4,296,3
4,297,3
4,298,3
4,299,3
4,300,3
4,301,3
4,302,3
4,303,3
4,304,3
4,305,6
4,306,6
4,307,6
4,308,6
4,309,6
4,310,6
4,311,6
4,312,6
4,313,3
4,314,3
4,315,3
4,316,3
4,317,3
4,318,3
4,319,3
4,320,3
4,321,3
4,322,3
4,323,3
4,324,3
4,325,3
4,326,3
4,327,3
4,328,3
4,329,3
4,330,3
4,331,3
4,332,3
4,333,3
4,334,3
4,335,3
4,336,3
4,337,3
4,338,3
4,339,3
4,340,3
4,341,3
4,342,3
4,343,3
4,344,3
4,345,3
4,346,3
4,347,3
4,348,3
4,349,3
4,350,3
4,351,3
4,352,3
4,353,3
4,354,3
4,355,2
4,356,2
4,357,2
4,358,2
4,359,2
4,360,2
4,361,2
4,362,2
4,363,2
4,364,2
4,365,1
4,366,1
4,367,1
4,368,1
4,369,1
4,370,1
4,371,1
4,372,1
4,373,1
4,374,1
4,375,1
4,376,1
4,377,1
4,378,1
4,379,1
4,380,1
4,381,1
4,382,1
4,383,1
4,384,1
4,385,1
4,386,1
4,387,1
4,388,1
4,389,1
4,390,1
4,391,1
4,392,1
4,393,1
4,394,1
4,395,1
4,396,1
4,397,1
4,398,1
4,399,1
4,400,1
4,401,1
4,402,1
4,403,1
4,404,1
4,405,1
4,406,1
4,407,1
4,408,1
4,409,1
4,410,1
4,411,1
4,412,1
4,413,1
4,414,1
4,415,1
4,416,1
4,417,1
4,418,1
4,419,1
4,420,1
4,421,1
4,422,1
4,423,0
4,424,0
4,425,0
4,426,0
4,427,0
4,428,0
4,429,0
5,001,0
5,002,0
5,003,0
5,004,0
5,005,0
5,006,0
5,007,0
5,008,1
5,009,1
5,010,1
5,011,1
5,012,1
5,013,1
5,014,1
5,015,1
5,016,1
5,017,1
5,018,1
5,019,1
5,020,1
5,021,1
5,022,1
5,023,1
5,024,1
5,025,1
5,026,1
5,027,1
5,028,1
5,029,1
5,030,1
5,031,1
5,032,1
5,033,1
5,034,1
5,035,1
5,036,1
5,037,1
5,038,1
5,039,1
5,040,1
5,041,1
5,042,1
5,043,1
5,044,1
5,045,1
5,046,1
5,047,1
5,048,1
5,049,1
5,050,1
5,051,1
5,052,1
5,053,1
5,054,1
5,055,1
5,056,1
5,057,1
5,058,1
5,059,1
5,060,1
5,061,1
5,062,1
5,063,1
5,064,3
5,065,3
5,066,3
5,067,3
5,068,3
5,069,3
5,070,3
5,071,3
5,072,3
5,073,3
5,074,3
5,075,3
5,076,3
5,077,3
5,078,3
5,079,3
5,080,3
5,081,3
5,082,3
5,083,3
5,084,5
5,085,5
5,086,5
5,087,5
5,088,5
5,089,5
5,090,5
5,091,5
5,092,5
5,093,5
5,094,5
5,095,5
5,096,5
5,097,5
5,098,5
5,099,5
5,100,5
5,101,5
5,102,5
5,103,5
5,104,5
5,105,5
5,106,5
5,107,5
5,108,3
5,109,3
5,110,3
5,111,3
5,112,3
5,113,3
5,114,4
5,115,4
5,116,4
5,117,4
5,118,4
5,119,4
5,120,4
5,121,4
5,122,3
5,123,3
5,124,3
5,125,3
5,126,3
5,127,3
5,128,3
5,129,3
5,130,3
5,131,3
5,132,3
5,133,3
5,134,3
5,135,3
5,136,3
5,137,3
5,138,3
5,139,3
5,140,3
5,141,3
5,142,3
5,143,3
5,144,3
5,145,3
5,146,3
5,147,3
5,148,3
5,149,3
5,150,3
5,151,3
5,152,3
5,153,3
5,154,3
5,155,3
5,156,3
5,157,3
5,158,3
5,159,3
5,160,3
5,161,3
5,162,3
5,163,3
5,164,3
5,165,3
5,166,3
5,167,3
5,168,3
5,169,3
5,170,3
5,171,3
5,172,3
5,173,3
5,174,3
5,175,3
5,176,3
5,177,3
5,178,3
5,179,3
5,180,3
5,181,3
5,182,3
5,183,3
5,184,3
5,185,3
5,186,3
5,187,3
5,188,3
5,189,6
5,190,6
5,191,6
5,192,6
5,193,6
5,194,6
5,195,6
5,196,6
5,197,6
5,198,6
5,199,6
5,200,6
5,201,6
5,202,6
5,203,6
5,204,6
5,205,6
5,206,6
5,207,6
5,208,6
5,209,6
5,210,6
5,211,6
5,212,6
5,213,6
5,214,6
5,215,6
5,216,6
5,217,6
5,218,6
5,219,6
5,220,6
5,221,3
5,222,3
5,223,3
5,224,3
5,225,3
5,226,3
5,227,3
5,228,3
5,229,3
5,230,3
5,231,3
5,232,3
5,233,3
5,234,3
5,235,3
5,236,3
5,237,3
5,238,3
5,239,3
5,240,3
5,241,3
5,242,3
5,243,3
5,244,3
5,245,3
5,246,3
5,247,3
5,248,3
5,249,3
5,250,3
5,251,3
5,252,3
5,253,3
5,254,3
5,255,3
5,256,3
5,257,3
5,258,3
5,259,3
5,260,3
5,261,3
5,262,3
5,263,3
5,264,3
5,265,3
5,266,3
5,267,3
5,268,3
5,269,3
5,270,3
5,271,3
5,272,3
5,273,3
5,274,3
5,275,3
5,276,3
5,277,3
5,278,3
5,279,3
5,280,3
5,281,3
5,282,3
5,283,3
5,284,3
5,285,3
5,286,3
5,287,3
5,288,3
5,289,3
5,290,3
5,291,3
5,292,3
5,293,3
5,294,3
5,295,3
5,296,3
5,297,2
5,298,2
5,299,2
5,300,2
5,301,2
5,302,2
5,303,2
5,304,2
5,305,2
5,306,2
5,307,1
5,308,1
5,309,1
5,310,1
5,311,1
5,312,1
5,313,1
5,314,1
5,315,1
5,316,1
5,317,1
5,318,1
5,319,1
5,320,1
5,321,1
5,322,1
5,323,1
5,324,1
5,325,1
5,326,1
5,327,1
5,328,1
5,329,1
5,330,1
5,331,1
5,332,1
5,333,1
5,334,1
5,335,1
5,336,1
5,337,1
5,338,1
5,339,1
5,340,1
5,341,1
5,342,1
5,343,1
5,344,1
5,345,1
5,346,1
5,347,1
5,348,1
5,349,1
5,350,1
5,351,1
5,352,1
5,353,1
5,354,1
5,355,1
5,356,1
5,357,1
5,358,0
5,359,0
5,360,0
5,361,0
5,362,0
5,363,0
6,001,7
6,002,7
6,003,7
6,004,7
6,005,7
6,006,7
6,007,7
6,008,7
6,009,7
6,010,7
6,011,7
6,012,7
6,013,7
6,014,7
6,015,1
6,016,1
6,017,1
6,018,1
6,019,1
6,020,1
6,021,1
6,022,1
6,023,1
6,024,1
6,025,1
6,026,1
6,027,1
6,028,1
6,029,1
6,030,1
6,031,1
6,032,1
6,033,1
6,034,1
6,035,1
6,036,1
6,037,1
6,038,1
6,039,1
6,040,1
6,041,1
6,042,1
6,043,1
6,044,1
6,045,1
6,046,1
6,047,1
6,048,1
6,049,1
6,050,1
6,051,1
6,052,1
6,053,1
6,054,1
6,055,1
6,056,1
6,057,1
6,058,1
6,059,1
6,060,1
6,061,1
6,062,1
6,063,3
6,064,3
6,065,3
6,066,3
6,067,3
6,068,3
6,069,3
6,070,3
6,071,3
6,072,5
6,073,5
6,074,5
6,075,5
6,076,5
6,077,5
6,078,3
6,079,3
6,080,4
6,081,4
6,082,4
6,083,4
6,084,3
6,085,3
6,086,3
6,087,3
6,088,3
6,089,3
6,090,3
6,091,3
6,092,3
6,093,3
6,094,3
6,095,3
6,096,3
6,097,3
6,098,3
6,099,3
6,100,3
6,101,3
6,102,3
6,103,3
6,104,3
6,105,3
6,106,3
6,107,3
6,108,3
6,109,3
6,110,3
6,111,3
6,112,3
6,113,3
6,114,3
6,115,3
6,116,3
6,117,3
6,118,3
6,119,3
6,120,3
6,121,3
6,122,3
6,123,3
6,124,3
6,125,3
6,126,3
6,127,3
6,128,3
6,129,6
6,130,6
6,131,6
6,132,6
6,133,6
6,134,6
6,135,6
6,136,6
6,137,6
6,138,6
6,139,6
6,140,3
6,141,3
6,142,3
6,143,3
6,144,3
6,145,3
6,146,3
6,147,3
6,148,3
6,149,3
6,150,3
6,151,3
6,152,3
6,153,3
6,154,3
6,155,3
6,156,3
6,157,3
6,158,3
6,159,3
6,160,3
6,161,3
6,162,3
6,163,3
6,164,3
6,165,3
6,166,3
6,167,3
6,168,3
6,169,3
6,170,3
6,171,3
6,172,3
6,173,3
6,174,3
6,175,3
6,176,3
6,177,3
6,178,3
6,179,3
6,180,3
6,181,3
6,182,3
6,183,3
6,184,3
6,185,3
6,186,3
6,187,3
6,188,3
6,189,3
6,190,3
6,191,3
6,192,3
6,193,3
6,194,3
6,195,3
6,196,3
6,197,3
6,198,3
6,199,3
6,200,3
6,201,3
6,202,3
6,203,3
6,204,3
6,205,3
6,206,3
6,207,2
6,208,2
6,209,2
6,210,2
6,211,2
6,212,2
6,213,2
6,214,2
6,215,2
6,216,2
6,217,2
6,218,2
6,219,2
6,220,2
6,221,2
6,222,2
6,223,2
6,224,2
6,225,2
6,226,2
6,227,2
6,228,2
6,229,2
6,230,2
6,231,2
6,232,2
6,233,2
6,234,2
6,235,2
6,236,2
6,237,2
6,238,2
6,239,2
6,240,2
6,241,2
6,242,2
6,243,2
6,244,2
6,245,2
6,246,2
6,247,2
6,248,2
6,249,2
6,250,2
6,251,2
6,252,2
6,253,2
6,254,2
6,255,2
6,256,2
6,257,2
6,258,2
6,259,2
6,260,2
6,261,2
6,262,2
6,263,2
6,264,2
6,265,2
6,266,2
6,267,2
6,268,2
6,269,2
6,270,2
6,271,2
6,272,2
6,273,2
6,274,2
6,275,2
6,276,2
6,277,2
6,278,2
6,279,2
6,280,2
6,281,2
6,282,2
6,283,2
6,284,2
6,285,2
6,286,2
6,287,2
6,288,2
6,289,2
6,290,2
6,291,2
6,292,2
6,293,2
6,294,2
6,295,2
6,296,2
6,297,2
6,298,2
6,299,2
6,300,2
6,301,2
6,302,2
6,303,2
6,304,2
6,305,2
6,306,2
6,307,2
6,308,2
6,309,2
6,310,2
6,311,2
6,312,2
6,313,2
6,314,2
6,315,2
6,316,2
6,317,2
6,318,2
6,319,2
6,320,2
6,321,2
6,322,2
6,323,2
6,324,2
6,325,2
6,326,2
6,327,2
6,328,2
6,329,2
6,330,2
6,331,2
6,332,2
6,333,2
6,334,2
6,335,1
6,336,1
6,337,1
6,338,1
6,339,1
6,340,1
6,341,1
6,342,1
6,343,1
6,344,1
6,345,1
6,346,1
6,347,1
6,348,1
6,349,1
6,350,1
6,351,1
6,352,1
6,353,1
6,354,1
6,355,1
6,356,1
6,357,1
6,358,1
6,359,1
6,360,1
6,361,1
6,362,1
6,363,1
6,364,1
6,365,1
6,366,0
6,367,0
6,368,0
6,369,0
6,370,0
6,371,0
6,372,0
6,373,0
6,374,0
6,375,0
6,376,0
6,377,0
6,378,0
6,379,0
6,380,0
6,381,0
6,382,0
6,383,0
6,384,0
6,385,0
6,386,0
6,387,0
6,388,0
6,389,0
6,390,0
6,391,0
6,392,0
6,393,0
6,394,0
6,395,0
6,396,0
6,397,0
6,398,0
6,399,0
6,400,0
6,401,0
6,402,0
6,403,0
6,404,0
6,405,0
6,406,0
6,407,0
6,408,0
6,409,0
6,410,0
6,411,0
6,412,0
6,413,0
6,414,0
6,415,0
6,416,0
6,417,0
6,418,0
6,419,0
6,420,0
6,421,0
6,422,0
6,423,0
6,424,0
6,425,0
6,426,0
6,427,0
6,428,0
7,001,0
7,002,0
7,003,0
7,004,0
7,005,0
7,006,0
7,007,0
7,008,0
7,009,0
7,010,0
7,011,0
7,012,0
7,013,0
7,014,0
7,015,0
7,016,0
7,017,0
7,018,1
7,019,1
7,020,1
7,021,1
7,022,1
7,023,1
7,024,1
7,025,1
7,026,1
7,027,1
7,028,1
7,029,1
7,030,1
7,031,1
7,032,1
7,033,1
7,034,1
7,035,1
7,036,1
7,037,1
7,038,1
7,039,1
7,040,1
7,041,1
7,042,1
7,043,1
7,044,1
7,045,1
7,046,1
7,047,1
7,048,1
7,049,1
7,050,1
7,051,1
7,052,1
7,053,1
7,054,1
7,055,1
7,056,1
7,057,1
7,058,1
7,059,1
7,060,1
7,061,1
7,062,1
7,063,1
7,064,1
7,065,1
7,066,1
7,067,1
7,068,1
7,069,1
7,070,1
7,071,1
7,072,1
7,073,1
7,074,7
7,075,7
7,076,7
7,077,7
7,078,7
7,079,7
7,080,7
7,081,7
7,082,1
7,083,1
7,084,1
7,085,1
7,086,7
7,087,7
7,088,7
7,089,7
7,090,7
7,091,7
7,092,7
7,093,7
7,094,7
7,095,7
7,096,1
7,097,1
7,098,7
7,099,1
7,100,1
7,101,1
7,102,1
7,103,1
7,104,1
7,105,3
7,106,3
7,107,3
7,108,5
7,109,5
7,110,5
7,111,5
7,112,3
7,113,3
7,114,4
7,115,4
7,116,4
7,117,3
7,118,3
7,119,3
7,120,3
7,121,3
7,122,3
7,123,3
7,124,3
7,125,3
7,126,3
7,127,3
7,128,3
7,129,3
7,130,3
7,131,3
7,132,3
7,133,3
7,134,3
7,135,3
7,136,3
7,137,3
7,138,3
7,139,3
7,140,3
7,141,3
7,142,3
7,143,3
7,144,3
7,145,3
7,146,3
7,147,3
7,148,3
7,149,3
7,150,3
7,151,3
7,152,3
7,153,3
7,154,3
7,155,3
7,156,3
7,157,3
7,158,3
7,159,3
7,160,3
7,161,3
7,162,6
7,163,6
7,164,6
7,165,6
7,166,6
7,167,6
7,168,6
7,169,6
7,170,6
7,171,6
7,172,6
7,173,6
7,174,6
7,175,6
7,176,3
7,177,3
7,178,3
7,179,3
7,180,6
7,181,6
7,182,6
7,183,3
7,184,3
7,185,3
7,186,3
7,187,3
7,188,3
7,189,3
7,190,3
7,191,3
7,192,3
7,193,3
7,194,3
7,195,3
7,196,3
7,197,3
7,198,3
7,199,3
7,200,3
7,201,3
7,202,3
7,203,3
7,204,3
7,205,3
7,206,3
7,207,3
7,208,3
7,209,3
7,210,2
7,211,2
7,212,2
7,213,2
7,214,2
7,215,2
7,216,2
7,217,1
7,218,1
7,219,1
7,220,1
7,221,1
7,222,1
7,223,1
7,224,1
7,225,1
7,226,1
7,227,1
7,228,1
7,229,1
7,230,1
7,231,1
7,232,1
7,233,1
7,234,1
7,235,1
7,236,1
7,237,1
7,238,1
7,239,1
7,240,1
7,241,1
7,242,1
7,243,1
7,244,1
7,245,1
7,246,1
7,247,1
7,248,1
7,249,0
7,250,0
7,251,0
7,252,0
7,253,0
7,254,0
7,255,0
7,256,0
7,257,0
7,258,0
7,259,0
7,260,0
8,001,0
8,002,0
8,003,0
8,004,0
8,005,0
8,006,0
8,007,0
8,008,0
8,009,1
8,010,1
8,011,1
8,012,1
8,013,1
8,014,1
8,015,1
8,016,1
8,017,1
8,018,1
8,019,1
8,020,1
8,021,1
8,022,1
8,023,1
8,024,1
8,025,1
8,026,1
8,027,1
8,028,1
8,029,1
8,030,1
8,031,1
8,032,1
8,033,1
8,034,1
8,035,1
8,036,1
8,037,1
8,038,1
8,039,1
8,040,1
8,041,1
8,042,1
8,043,1
8,044,1
8,045,1
8,046,1
8,047,1
8,048,1
8,049,3
8,050,3
8,051,3
8,052,3
8,053,5
8,054,5
8,055,5
8,056,5
8,057,5
8,058,5
8,059,5
8,060,3
8,061,3
8,062,3
8,063,3
8,064,3
8,065,4
8,066,4
8,067,4
8,068,4
8,069,4
8,070,4
8,071,4
8,072,4
8,073,4
8,074,4
8,075,4
8,076,4
8,077,4
8,078,4
8,079,3
8,080,3
8,081,3
8,082,3
8,083,3
8,084,3
8,085,3
8,086,3
8,087,3
8,088,3
8,089,3
8,090,3
8,091,3
8,092,3
8,093,3
8,094,3
8,095,3
8,096,3
8,097,3
8,098,3
8,099,3
8,100,3
8,101,3
8,102,3
8,103,3
8,104,3
8,105,3
8,106,3
8,107,3
8,108,3
8,109,3
8,110,3
8,111,3
8,112,3
8,113,3
8,114,3
8,115,3
8,116,3
8,117,3
8,118,3
8,119,3
8,120,3
8,121,3
8,122,3
8,123,3
8,124,3
8,125,3
8,126,3
8,127,3
8,128,3
8,129,3
8,130,3
8,131,3
8,132,3
8,133,3
8,134,3
8,135,3
8,136,3
8,137,3
8,138,3
8,139,3
8,140,3
8,141,3
8,142,3
8,143,3
8,144,3
8,145,3
8,146,6
8,147,6
8,148,6
8,149,6
8,150,6
8,151,6
8,152,6
8,153,6
8,154,6
8,155,6
8,156,6
8,157,3
8,158,3
8,159,3
8,160,3
8,161,3
8,162,3
8,163,3
8,164,3
8,165,3
8,166,3
8,167,3
8,168,3
8,169,3
8,170,3
8,171,3
8,172,3
8,173,3
8,174,3
8,175,3
8,176,3
8,177,3
8,178,3
8,179,3
8,180,3
8,181,3
8,182,3
8,183,3
8,184,3
8,185,3
8,186,3
8,187,3
8,188,3
8,189,3
8,190,3
8,191,3
8,192,3
8,193,3
8,194,3
8,195,3
8,196,3
8,197,3
8,198,3
8,199,3
8,200,3
8,201,3
8,202,3
8,203,3
8,204,3
8,205,3
8,206,3
8,207,3
8,208,3
8,209,3
8,210,3
8,211,3
8,212,3
8,213,3
8,214,3
8,215,3
8,216,3
8,217,3
8,218,3
8,219,3
8,220,3
8,221,3
8,222,3
8,223,3
8,224,3
8,225,3
8,226,3
8,227,3
8,228,3
8,229,3
8,230,3
8,231,3
8,232,3
8,233,3
8,234,3
8,235,3
8,236,3
8,237,3
8,238,3
8,239,3
8,240,3
8,241,3
8,242,3
8,243,3
8,244,3
8,245,3
8,246,3
8,247,3
8,248,3
8,249,3
8,250,3
8,251,3
8,252,3
8,253,3
8,254,3
8,255,3
8,256,3
8,257,3
8,258,3
8,259,3
8,260,3
8,261,3
8,262,3
8,263,3
8,264,3
8,265,3
8,266,3
8,267,3
8,268,3
8,269,3
8,270,3
8,271,6
8,272,6
8,273,6
8,274,6
8,275,6
8,276,6
8,277,6
8,278,6
8,279,6
8,280,6
8,281,6
8,282,6
8,283,6
8,284,6
8,285,6
8,286,6
8,287,6
8,288,6
8,289,6
8,290,6
8,291,6
8,292,6
8,293,6
8,294,6
8,295,6
8,296,6
8,297,6
8,298,3
8,299,3
8,300,3
8,301,3
8,302,3
8,303,3
8,304,3
8,305,3
8,306,3
8,307,3
8,308,3
8,309,3
8,310,3
8,311,3
8,312,3
8,313,3
8,314,3
8,315,3
8,316,3
8,317,3
8,318,2
8,319,2
8,320,2
8,321,2
8,322,2
8,323,2
8,324,2
8,325,2
8,326,2
8,327,2
8,328,2
8,329,2
8,330,2
8,331,2
8,332,1
8,333,1
8,334,1
8,335,1
8,336,1
8,337,1
8,338,1
8,339,1
8,340,1
8,341,1
8,342,1
8,343,1
8,344,1
8,345,1
8,346,1
8,347,1
8,348,1
8,349,1
8,350,1
8,351,1
8,352,1
8,353,1
8,354,1
8,355,1
8,356,1
8,357,1
8,358,1
8,359,1
8,360,1
8,361,1
8,362,1
8,363,1
8,364,1
8,365,1
8,366,1
8,367,0
8,368,0
8,369,0
8,370,0
8,371,0
8,372,0
8,373,0
9,001,0
9,002,0
9,003,0
9,004,0
9,005,0
9,006,0
9,007,0
9,008,0
9,009,0
9,010,1
9,011,1
9,012,1
9,013,1
9,014,1
9,015,1
9,016,1
9,017,1
9,018,1
9,019,1
9,020,1
9,021,1
9,022,1
9,023,1
9,024,1
9,025,1
9,026,1
9,027,1
9,028,1
9,029,1
9,030,1
9,031,1
9,032,1
9,033,1
9,034,1
9,035,1
9,036,1
9,037,1
9,038,1
9,039,1
9,040,1
9,041,1
9,042,1
9,043,1
9,044,1
9,045,1
9,046,1
9,047,1
9,048,1
9,049,1
9,050,1
9,051,1
9,052,1
9,053,1
9,054,1
9,055,1
9,056,1
9,057,1
9,058,1
9,059,1
9,060,1
9,061,1
9,062,1
9,063,3
9,064,3
9,065,3
9,066,3
9,067,3
9,068,3
9,069,5
9,070,5
9,071,5
9,072,5
9,073,5
9,074,5
9,075,5
9,076,3
9,077,3
9,078,4
9,079,4
9,080,4
9,081,4
9,082,4
9,083,3
9,084,3
9,085,3
9,086,3
9,087,3
9,088,3
9,089,3
9,090,3
9,091,3
9,092,3
9,093,3
9,094,3
9,095,3
9,096,3
9,097,3
9,098,3
9,099,3
9,100,3
9,101,3
9,102,3
9,103,3
9,104,3
9,105,3
9,106,3
9,107,3
9,108,3
9,109,3
9,110,3
9,111,3
9,112,3
9,113,3
9,114,3
9,115,3
9,116,3
9,117,3
9,118,3
9,119,3
9,120,6
9,121,6
9,122,6
9,123,6
9,124,6
9,125,6
9,126,6
9,127,6
9,128,6
9,129,6
9,130,6
9,131,6
9,132,6
9,133,6
9,134,6
9,135,6
9,136,6
9,137,6
9,138,6
9,139,6
9,140,6
9,141,6
9,142,6
9,143,6
9,144,6
9,145,3
9,146,3
9,147,3
9,148,3
9,149,3
9,150,3
9,151,3
9,152,3
9,153,3
9,154,3
9,155,3
9,156,3
9,157,3
9,158,3
9,159,3
9,160,3
9,161,3
9,162,3
9,163,3
9,164,3
9,165,3
9,166,3
9,167,3
9,168,3
9,169,3
9,170,3
9,171,3
9,172,3
9,173,3
9,174,3
9,175,3
9,176,3
9,177,3
9,178,3
9,179,3
9,180,3
9,181,3
9,182,3
9,183,3
9,184,3
9,185,3
9,186,3
9,187,3
9,188,3
9,189,3
9,190,3
9,191,3
9,192,3
9,193,3
9,194,3
9,195,3
9,196,3
9,197,3
9,198,3
9,199,3
9,200,3
9,201,3
9,202,3
9,203,3
9,204,3
9,205,3
9,206,3
9,207,3
9,208,3
9,209,3
9,210,3
9,211,3
9,212,3
9,213,3
9,214,3
9,215,3
9,216,3
9,217,3
9,218,3
9,219,3
9,220,3
9,221,3
9,222,3
9,223,3
9,224,3
9,225,3
9,226,3
9,227,3
9,228,3
9,229,3
9,230,3
9,231,3
9,232,3
9,233,3
9,234,3
9,235,3
9,236,3
9,237,3
9,238,3
9,239,3
9,240,3
9,241,3
9,242,3
9,243,3
9,244,3
9,245,3
9,246,3
9,247,3
9,248,3
9,249,3
9,250,3
9,251,3
9,252,3
9,253,3
9,254,3
9,255,3
9,256,3
9,257,3
9,258,3
9,259,3
9,260,3
9,261,3
9,262,3
9,263,3
9,264,3
9,265,3
9,266,3
9,267,3
9,268,3
9,269,3
9,270,3
9,271,3
9,272,3
9,273,3
9,274,3
9,275,3
9,276,3
9,277,3
9,278,3
9,279,3
9,280,3
9,281,3
9,282,3
9,283,3
9,284,3
9,285,3
9,286,3
9,287,3
9,288,3
9,289,3
9,290,3
9,291,3
9,292,3
9,293,3
9,294,3
9,295,3
9,296,3
9,297,3
9,298,3
9,299,3
9,300,3
9,301,3
9,302,3
9,303,3
9,304,3
9,305,3
9,306,3
9,307,3
9,308,3
9,309,3
9,310,3
9,311,3
9,312,3
9,313,3
9,314,3
9,315,3
9,316,3
9,317,3
9,318,3
9,319,3
9,320,3
9,321,3
9,322,3
9,323,3
9,324,3
9,325,3
9,326,3
9,327,3
9,328,3
9,329,3
9,330,3
9,331,3
9,332,3
9,333,3
9,334,3
9,335,3
9,336,3
9,337,3
9,338,3
9,339,3
9,340,3
9,341,3
9,342,3
9,343,3
9,344,3
9,345,3
9,346,3
9,347,3
9,348,3
9,349,3
9,350,3
9,351,3
9,352,3
9,353,3
9,354,3
9,355,3
9,356,3
9,357,3
9,358,3
9,359,3
9,360,3
9,361,3
9,362,3
9,363,3
9,364,3
9,365,3
9,366,3
9,367,3
9,368,3
9,369,3
9,370,3
9,371,3
9,372,3
9,373,6
9,374,6
9,375,6
9,376,6
9,377,6
9,378,6
9,379,6
9,380,6
9,381,6
9,382,6
9,383,6
9,384,6
9,385,6
9,386,3
9,387,3
9,388,3
9,389,3
9,390,3
9,391,3
9,392,3
9,393,3
9,394,3
9,395,3
9,396,3
9,397,3
9,398,3
9,399,3
9,400,3
9,401,3
9,402,3
9,403,3
9,404,3
9,405,3
9,406,3
9,407,3
9,408,3
9,409,3
9,410,3
9,411,3
9,412,3
9,413,3
9,414,3
9,415,3
9,416,3
9,417,3
9,418,3
9,419,3
9,420,3
9,421,3
9,422,3
9,423,3
9,424,3
9,425,3
9,426,3
9,427,3
9,428,3
9,429,3
9,430,3
9,431,3
9,432,6
9,433,6
9,434,6
9,435,6
9,436,6
9,437,6
9,438,6
9,439,3
9,440,3
9,441,3
9,442,3
9,443,3
9,444,3
9,445,3
9,446,3
9,447,3
9,448,3
9,449,3
9,450,3
9,451,3
9,452,3
9,453,3
9,454,3
9,455,3
9,456,3
9,457,3
9,458,3
9,459,3
9,460,3
9,461,3
9,462,3
9,463,3
9,464,3
9,465,3
9,466,3
9,467,3
9,468,3
9,469,3
9,470,3
9,471,3
9,472,3
9,473,3
9,474,3
9,475,3
9,476,3
9,477,3
9,478,3
9,479,3
9,480,3
9,481,3
9,482,3
9,483,3
9,484,3
9,485,3
9,486,3
9,487,3
9,488,3
9,489,3
9,490,3
9,491,3
9,492,3
9,493,3
9,494,3
9,495,3
9,496,3
9,497,3
9,498,3
9,499,3
9,500,3
9,501,3
9,502,3
9,503,3
9,504,3
9,505,3
9,506,3
9,507,3
9,508,3
9,509,3
9,510,3
9,511,3
9,512,3
9,513,3
9,514,3
9,515,3
9,516,3
9,517,3
9,518,3
9,519,3
9,520,3
9,521,3
9,522,3
9,523,3
9,524,3
9,525,3
9,526,3
9,527,3
9,528,3
9,529,3
9,530,3
9,531,3
9,532,3
9,533,3
9,534,3
9,535,3
9,536,3
9,537,3
9,538,3
9,539,3
9,540,3
9,541,3
9,542,3
9,543,3
9,544,3
9,545,3
9,546,3
9,547,6
9,548,6
9,549,6
9,550,6
9,551,6
9,552,6
9,553,6
9,554,6
9,555,6
9,556,6
9,557,6
9,558,6
9,559,6
9,560,6
9,561,6
9,562,6
9,563,3
9,564,3
9,565,3
9,566,3
9,567,3
9,568,3
9,569,3
9,570,3
9,571,3
9,572,3
9,573,3
9,574,3
9,575,3
9,576,3
9,577,3
9,578,3
9,579,3
9,580,3
9,581,3
9,582,3
9,583,3
9,584,3
9,585,3
9,586,3
9,587,3
9,588,3
9,589,3
9,590,3
9,591,3
9,592,3
9,593,3
9,594,3
9,595,3
9,596,3
9,597,3
9,598,3
9,599,3
9,600,3
9,601,3
9,602,3
9,603,3
9,604,3
9,605,3
9,606,3
9,607,3
9,608,3
9,609,3
9,610,3
9,611,3
9,612,3
9,613,3
9,614,3
9,615,3
9,616,3
9,617,3
9,618,3
9,619,3
9,620,3
9,621,3
9,622,3
9,623,3
9,624,3
9,625,3
9,626,3
9,627,3
9,628,3
9,629,3
9,630,3
9,631,3
9,632,3
9,633,3
9,634,3
9,635,3
9,636,3
9,637,6
9,638,6
9,639,6
9,640,6
9,641,6
9,642,3
9,643,3
9,644,3
9,645,3
9,646,3
9,647,3
9,648,3
9,649,3
9,650,3
9,651,3
9,652,3
9,653,3
9,654,3
9,655,3
9,656,3
9,657,3
9,658,3
9,659,3
9,660,3
9,661,3
9,662,3
9,663,3
9,664,3
9,665,3
9,666,3
9,667,3
9,668,3
9,669,3
9,670,3
9,671,3
9,672,3
9,673,3
9,674,3
9,675,3
9,676,3
9,677,3
9,678,3
9,679,3
9,680,3
9,681,3
9,682,3
9,683,3
9,684,3
9,685,3
9,686,3
9,687,3
9,688,3
9,689,3
9,690,3
9,691,3
9,692,3
9,693,3
9,694,3
9,695,3
9,696,3
9,697,3
9,698,3
9,699,3
9,700,3
9,701,3
9,702,3
9,703,3
9,704,3
9,705,3
9,706,3
9,707,6
9,708,6
9,709,6
9,710,6
9,711,6
9,712,6
9,713,6
9,714,3
9,715,3
9,716,3
9,717,3
9,718,3
9,719,3
9,720,3
9,721,3
9,722,3
9,723,3
9,724,3
9,725,3
9,726,3
9,727,3
9,728,3
9,729,3
9,730,3
9,731,3
9,732,3
9,733,3
9,734,3
9,735,3
9,736,3
9,737,3
9,738,3
9,739,3
9,740,3
9,741,3
9,742,3
9,743,3
9,744,3
9,745,3
9,746,3
9,747,3
9,748,3
9,749,3
9,750,3
9,751,3
9,752,3
9,753,3
9,754,3
9,755,3
9,756,3
9,757,3
9,758,3
9,759,3
9,760,3
9,761,3
9,762,3
9,763,3
9,764,3
9,765,3
9,766,3
9,767,3
9,768,3
9,769,3
9,770,3
9,771,3
9,772,3
9,773,3
9,774,6
9,775,6
9,776,6
9,777,6
9,778,6
9,779,3
9,780,3
9,781,3
9,782,3
9,783,3
9,784,3
9,785,3
9,786,3
9,787,3
9,788,3
9,789,3
9,790,3
9,791,3
9,792,3
9,793,3
9,794,3
9,795,3
9,796,3
9,797,3
9,798,3
9,799,2
9,800,2
9,801,2
9,802,2
9,803,2
9,804,2
9,805,2
9,806,2
9,807,2
9,808,2
9,809,2
9,810,2
9,811,2
9,812,2
9,813,2
9,814,2
9,815,2
9,816,2
9,817,2
9,818,2
9,819,2
9,820,2
9,821,2
9,822,2
9,823,2
9,824,2
9,825,2
9,826,2
9,827,2
9,828,2
9,829,2
9,830,2
9,831,2
9,832,2
9,833,2
9,834,2
9,835,2
9,836,2
9,837,2
9,838,2
9,839,2
9,840,2
9,841,2
9,842,2
9,843,2
9,844,2
9,845,2
9,846,2
9,847,2
9,848,2
9,849,2
9,850,2
9,851,2
9,852,2
9,853,2
9,854,2
9,855,2
9,856,2
9,857,2
9,858,2
9,859,2
9,860,2
9,861,2
9,862,2
9,863,2
9,864,2
9,865,2
9,866,2
9,867,2
9,868,2
9,869,2
9,870,2
9,871,2
9,872,2
9,873,2
9,874,2
9,875,2
9,876,2
9,877,2
9,878,2
9,879,2
9,880,2
9,881,2
9,882,2
9,883,2
9,884,2
9,885,2
9,886,2
9,887,2
9,888,2
9,889,2
9,890,2
9,891,2
9,892,2
9,893,2
9,894,2
9,895,2
9,896,2
9,897,2
9,898,2
9,899,2
9,900,2
9,901,2
9,902,2
9,903,2
9,904,2
9,905,2
9,906,2
9,907,2
9,908,2
9,909,2
9,910,2
9,911,2
9,912,2
9,913,2
9,914,2
9,915,2
9,916,2
9,917,2
9,918,2
9,919,2
9,920,2
9,921,2
9,922,2
9,923,2
9,924,2
9,925,2
9,926,2
9,927,2
9,928,2
9,929,2
9,930,2
9,931,2
9,932,2
9,933,2
9,934,2
9,935,2
9,936,2
9,937,2
9,938,2
9,939,2
9,940,2
9,941,2
9,942,2
9,943,2
9,944,2
9,945,2
9,946,2
9,947,2
9,948,2
9,949,2
9,950,2
9,951,2
9,952,2
9,953,2
9,954,2
9,955,2
9,956,2
9,957,2
9,958,2
9,959,1
9,960,1
9,961,1
9,962,1
9,963,1
9,964,1
9,965,1
9,966,1
9,967,1
9,968,1
9,969,1
9,970,1
9,971,1
9,972,1
9,973,1
9,974,1
9,975,1
9,976,1
9,977,1
9,978,1
9,979,1
9,980,1
9,981,1
9,982,1
9,983,1
9,984,1
9,985,1
9,986,1
9,987,1
9,988,1
9,989,1
9,990,1
9,991,0
9,992,0
9,993,0
9,994,0
9,995,0
9,996,0
9,997,0
9,998,0
10,001,0
10,002,0
10,003,0
10,004,0
10,005,0
10,006,0
10,007,0
10,008,0
10,009,0
10,010,0
10,011,0
10,012,0
10,013,1
10,014,1
10,015,1
10,016,1
10,017,1
10,018,1
10,019,1
10,020,1
10,021,1
10,022,1
10,023,1
10,024,1
10,025,1
10,026,1
10,027,1
10,028,1
10,029,1
10,030,1
10,031,1
10,032,1
10,033,1
10,034,1
10,035,1
10,036,1
10,037,1
10,038,1
10,039,1
10,040,1
10,041,1
10,042,1
10,043,1
10,044,1
10,045,1
10,046,1
10,047,1
10,048,1
10,049,1
10,050,1
10,051,1
10,052,1
10,053,1
10,054,1
10,055,1
10,056,3
10,057,3
10,058,3
10,059,3
10,060,3
10,061,5
10,062,5
10,063,5
10,064,5
10,065,5
10,066,5
10,067,5
10,068,5
10,069,5
10,070,5
10,071,5
10,072,5
10,073,5
10,074,5
10,075,3
10,076,3
10,077,4
10,078,4
10,079,4
10,080,4
10,081,4
10,082,3
10,083,3
10,084,3
10,085,3
10,086,3
10,087,3
10,088,3
10,089,3
10,090,3
10,091,3
10,092,3
10,093,3
10,094,3
10,095,3
10,096,3
10,097,4
10,098,4
10,099,4
10,100,4
10,101,4
10,102,4
10,103,4
10,104,4
10,105,4
10,106,4
10,107,4
10,108,4
10,109,4
10,110,4
10,111,4
10,112,4
10,113,4
10,114,4
10,115,4
10,116,4
10,117,4
10,118,4
10,119,4
10,120,4
10,121,4
10,122,4
10,123,4
10,124,4
10,125,4
10,126,4
10,127,4
10,128,4
10,129,4
10,130,4
10,131,4
10,132,4
10,133,4
10,134,4
10,135,4
10,136,4
10,137,4
10,138,4
10,139,3
10,140,3
10,141,3
10,142,3
10,143,3
10,144,3
10,145,3
10,146,3
10,147,3
10,148,3
10,149,3
10,150,3
10,151,3
10,152,3
10,153,3
10,154,3
10,155,3
10,156,6
10,157,6
10,158,3
10,159,3
10,160,3
10,161,3
10,162,3
10,163,3
10,164,3
10,165,3
10,166,3
10,167,2
10,168,2
10,169,2
10,170,2
10,171,2
10,172,2
10,173,2
10,174,1
10,175,1
10,176,1
10,177,1
10,178,1
10,179,1
10,180,1
10,181,1
10,182,1
10,183,1
10,184,1
10,185,1
10,186,1
10,187,1
10,188,1
10,189,1
10,190,1
10,191,1
10,192,1
10,193,1
10,194,1
10,195,1
10,196,1
10,197,1
10,198,1
10,199,1
10,200,1
10,201,1
10,202,1
10,203,1
10,204,1
10,205,1
10,206,0
10,207,0
10,208,0
10,209,0
11,001,0
11,002,0
11,003,0
11,004,0
11,005,0
11,006,0
11,007,0
11,008,0
11,009,0
11,010,0
11,011,0
11,012,0
11,013,0
11,014,0
11,015,0
11,016,0
11,017,0
11,018,0
11,019,0
11,020,0
11,021,0
11,022,0
11,023,0
11,024,0
11,025,0
11,026,0
11,027,0
11,028,0
11,029,0
11,030,0
11,031,0
11,032,0
11,033,0
11,034,0
11,035,1
11,036,1
11,037,1
11,038,1
11,039,1
11,040,1
11,041,1
11,042,1
11,043,1
11,044,1
11,045,1
11,046,1
11,047,1
11,048,1
11,049,1
11,050,1
11,051,1
11,052,1
11,053,1
11,054,1
11,055,1
11,056,1
11,057,1
11,058,1
11,059,1
11,060,1
11,061,1
11,062,1
11,063,1
11,064,1
11,065,1
11,066,1
11,067,1
11,068,1
11,069,1
11,070,1
11,071,1
11,072,1
11,073,1
11,074,1
11,075,1
11,076,1
11,077,1
11,078,1
11,079,1
11,080,1
11,081,1
11,082,1
11,083,1
11,084,1
11,085,3
11,086,3
11,087,3
11,088,3
11,089,3
11,090,3
11,091,5
11,092,5
11,093,5
11,094,5
11,095,5
11,096,5
11,097,5
11,098,5
11,099,5
11,100,5
11,101,5
11,102,5
11,103,5
11,104,5
11,105,5
11,106,5
11,107,5
11,108,5
11,109,5
11,110,3
11,111,3
11,112,4
11,113,4
11,114,4
11,115,4
11,116,4
11,117,4
11,118,4
11,119,4
11,120,4
11,121,4
11,122,4
11,123,4
11,124,4
11,125,4
11,126,4
11,127,4
11,128,4
11,129,4
11,130,4
11,131,4
11,132,4
11,133,4
11,134,4
11,135,4
11,136,4
11,137,4
11,138,4
11,139,4
11,140,3
11,141,3
11,142,3
11,143,3
11,144,3
11,145,3
11,146,3
11,147,3
11,148,3
11,149,3
11,150,3
11,151,3
11,152,3
11,153,3
11,154,3
11,155,3
11,156,3
11,157,3
11,158,3
11,159,3
11,160,3
11,161,3
11,162,3
11,163,3
11,164,3
11,165,3
11,166,3
11,167,3
11,168,3
11,169,3
11,170,3
11,171,6
11,172,6
11,173,6
11,174,6
11,175,6
11,176,6
11,177,6
11,178,6
11,179,6
11,180,6
11,181,6
11,182,6
11,183,6
11,184,6
11,185,6
11,186,6
11,187,6
11,188,6
11,189,6
11,190,6
11,191,6
11,192,6
11,193,6
11,194,6
11,195,6
11,196,6
11,197,6
11,198,6
11,199,6
11,200,6
11,201,6
11,202,6
11,203,6
11,204,6
11,205,6
11,206,6
11,207,6
11,208,6
11,209,6
11,210,6
11,211,6
11,212,6
11,213,6
11,214,6
11,215,6
11,216,6
11,217,6
11,218,6
11,219,6
11,220,6
11,221,6
11,222,6
11,223,6
11,224,6
11,225,3
11,226,3
11,227,3
11,228,3
11,229,3
11,230,3
11,231,3
11,232,3
11,233,3
11,234,3
11,235,3
11,236,3
11,237,3
11,238,3
11,239,3
11,240,3
11,241,3
11,242,3
11,243,3
11,244,3
11,245,3
11,246,3
11,247,3
11,248,3
11,249,3
11,250,3
11,251,3
11,252,3
11,253,3
11,254,3
11,255,3
11,256,3
11,257,3
11,258,3
11,259,3
11,260,3
11,261,3
11,262,3
11,263,3
11,264,3
11,265,3
11,266,3
11,267,3
11,268,3
11,269,3
11,270,3
11,271,3
11,272,3
11,273,3
11,274,3
11,275,3
11,276,3
11,277,3
11,278,3
11,279,3
11,280,3
11,281,3
11,282,3
11,283,3
11,284,3
11,285,3
11,286,3
11,287,3
11,288,3
11,289,3
11,290,3
11,291,3
11,292,3
11,293,3
11,294,3
11,295,3
11,296,3
11,297,3
11,298,3
11,299,3
11,300,3
11,301,3
11,302,3
11,303,3
11,304,3
11,305,3
11,306,3
11,307,3
11,308,3
11,309,3
11,310,3
11,311,3
11,312,3
11,313,3
11,314,3
11,315,3
11,316,3
11,317,3
11,318,3
11,319,3
11,320,6
11,321,6
11,322,6
11,323,6
11,324,6
11,325,6
11,326,3
11,327,3
11,328,3
11,329,3
11,330,3
11,331,3
11,332,3
11,333,3
11,334,3
11,335,3
11,336,3
11,337,3
11,338,3
11,339,3
11,340,3
11,341,3
11,342,3
11,343,3
11,344,3
11,345,3
11,346,3
11,347,3
11,348,3
11,349,3
11,350,3
11,351,3
11,352,3
11,353,3
11,354,3
11,355,3
11,356,3
11,357,3
11,358,3
11,359,3
11,360,3
11,361,3
11,362,3
11,363,3
11,364,3
11,365,3
11,366,3
11,367,3
11,368,3
11,369,3
11,370,3
11,371,3
11,372,3
11,373,3
11,374,3
11,375,3
11,376,3
11,377,3
11,378,3
11,379,3
11,380,3
11,381,3
11,382,3
11,383,3
11,384,3
11,385,3
11,386,3
11,387,3
11,388,3
11,389,3
11,390,3
11,391,3
11,392,3
11,393,3
11,394,3
11,395,3
11,396,3
11,397,3
11,398,3
11,399,3
11,400,3
11,401,3
11,402,3
11,403,3
11,404,3
11,405,3
11,406,3
11,407,3
11,408,3
11,409,3
11,410,6
11,411,6
11,412,6
11,413,6
11,414,3
11,415,3
11,416,3
11,417,3
11,418,3
11,419,3
11,420,3
11,421,3
11,422,3
11,423,3
11,424,3
11,425,3
11,426,3
11,427,3
11,428,3
11,429,3
11,430,3
11,431,3
11,432,3
11,433,3
11,434,3
11,435,3
11,436,3
11,437,3
11,438,3
11,439,3
11,440,3
11,441,3
11,442,3
11,443,3
11,444,3
11,445,3
11,446,3
11,447,3
11,448,3
11,449,3
11,450,3
11,451,3
11,452,3
11,453,3
11,454,3
11,455,3
11,456,3
11,457,3
11,458,3
11,459,3
11,460,3
11,461,3
11,462,3
11,463,3
11,464,3
11,465,3
11,466,3
11,467,3
11,468,3
11,469,3
11,470,3
11,471,3
11,472,3
11,473,3
11,474,3
11,475,3
11,476,3
11,477,3
11,478,3
11,479,3
11,480,3
11,481,3
11,482,3
11,483,3
11,484,3
11,485,3
11,486,6
11,487,6
11,488,6
11,489,6
11,490,6
11,491,6
11,492,6
11,493,6
11,494,6
11,495,6
11,496,6
11,497,6
11,498,6
11,499,6
11,500,6
11,501,6
11,502,6
11,503,6
11,504,6
11,505,6
11,506,6
11,507,6
11,508,6
11,509,6
11,510,6
11,511,6
11,512,6
11,513,6
11,514,6
11,515,6
11,516,3
11,517,3
11,518,3
11,519,3
11,520,3
11,521,3
11,522,3
11,523,3
11,524,3
11,525,3
11,526,3
11,527,3
11,528,3
11,529,3
11,530,3
11,531,3
11,532,3
11,533,3
11,534,3
11,535,3
11,536,3
11,537,3
11,538,3
11,539,3
11,540,3
11,541,3
11,542,3
11,543,3
11,544,3
11,545,3
11,546,3
11,547,3
11,548,3
11,549,3
11,550,3
11,551,3
11,552,3
11,553,3
11,554,3
11,555,3
11,556,3
11,557,3
11,558,3
11,559,3
11,560,3
11,561,3
11,562,3
11,563,3
11,564,3
11,565,3
11,566,3
11,567,3
11,568,3
11,569,3
11,570,3
11,571,3
11,572,3
11,573,3
11,574,3
11,575,3
11,576,3
11,577,3
11,578,3
11,579,3
11,580,3
11,581,2
11,582,2
11,583,2
11,584,2
11,585,2
11,586,2
11,587,2
11,588,2
11,589,2
11,590,2
11,591,2
11,592,2
11,593,2
11,594,2
11,595,2
11,596,2
11,597,2
11,598,2
11,599,2
11,600,2
11,601,2
11,602,2
11,603,2
11,604,2
11,605,2
11,606,2
11,607,2
11,608,2
11,609,2
11,610,2
11,611,2
11,612,2
11,613,2
11,614,2
11,615,2
11,616,2
11,617,2
11,618,2
11,619,2
11,620,2
11,621,2
11,622,2
11,623,2
11,624,2
11,625,2
11,626,2
11,627,2
11,628,2
11,629,2
11,630,2
11,631,2
11,632,2
11,633,1
11,634,1
11,635,1
11,636,1
11,637,1
11,638,1
11,639,1
11,640,1
11,641,1
11,642,1
11,643,1
11,644,1
11,645,1
11,646,1
11,647,1
11,648,1
11,649,1
11,650,1
11,651,1
11,652,1
11,653,1
11,654,1
11,655,1
11,656,1
11,657,1
11,658,1
11,659,1
11,660,1
11,661,1
11,662,1
11,663,1
11,664,1
11,665,1
11,666,1
11,667,1
11,668,1
11,669,1
11,670,1
11,671,1
11,672,0
11,673,0
11,674,0
11,675,0
11,676,0
11,677,0
11,678,0
11,679,0
11,680,0
11,681,0
11,682,0
11,683,0
11,684,0
12,001,0
12,002,0
12,003,0
12,004,0
12,005,0
12,006,0
12,007,0
12,008,0
12,009,0
12,010,0
12,011,0
12,012,0
12,013,0
12,014,0
12,015,0
12,016,0
12,017,0
12,018,0
12,019,0
12,020,0
12,021,0
12,022,0
12,023,0
12,024,0
12,025,0
12,026,0
12,027,0
12,028,0
12,029,0
12,030,1
12,031,1
12,032,1
12,033,1
12,034,1
12,035,1
12,036,1
12,037,1
12,038,1
12,039,1
12,040,1
12,041,1
12,042,1
12,043,1
12,044,1
12,045,1
12,046,1
12,047,1
12,048,1
12,049,1
12,050,1
12,051,1
12,052,1
12,053,1
12,054,1
12,055,1
12,056,1
12,057,1
12,058,1
12,059,1
12,060,1
12,061,1
12,062,1
12,063,1
12,064,1
12,065,1
12,066,1
12,067,1
12,068,1
12,069,1
12,070,1
12,071,1
12,072,1
12,073,1
12,074,1
12,075,1
12,076,1
12,077,1
12,078,1
12,079,1
12,080,1
12,081,1
12,082,1
12,083,3
12,084,3
12,085,3
12,086,3
12,087,3
12,088,3
12,089,5
12,090,5
12,091,5
12,092,5
12,093,5
12,094,5
12,095,5
12,096,5
12,097,5
12,098,5
12,099,5
12,100,5
12,101,5
12,102,5
12,103,5
12,104,5
12,105,5
12,106,5
12,107,5
12,108,5
12,109,5
12,110,5
12,111,5
12,112,5
12,113,5
12,114,5
12,115,5
12,116,5
12,117,5
12,118,5
12,119,5
12,120,5
12,121,5
12,122,5
12,123,5
12,124,5
12,125,5
12,126,3
12,127,3
12,128,4
12,129,4
12,130,4
12,131,4
12,132,4
12,133,4
12,134,4
12,135,4
12,136,4
12,137,4
12,138,4
12,139,4
12,140,4
12,141,4
12,142,4
12,143,4
12,144,4
12,145,3
12,146,3
12,147,3
12,148,3
12,149,3
12,150,3
12,151,3
12,152,4
12,153,4
12,154,4
12,155,4
12,156,4
12,157,4
12,158,4
12,159,4
12,160,4
12,161,4
12,162,4
12,163,4
12,164,4
12,165,4
12,166,4
12,167,4
12,168,3
12,169,3
12,170,3
12,171,3
12,172,3
12,173,3
12,174,3
12,175,3
12,176,3
12,177,3
12,178,3
12,179,3
12,180,3
12,181,3
12,182,3
12,183,3
12,184,3
12,185,3
12,186,3
12,187,3
12,188,3
12,189,3
12,190,3
12,191,3
12,192,3
12,193,3
12,194,3
12,195,3
12,196,3
12,197,3
12,198,3
12,199,3
12,200,3
12,201,3
12,202,3
12,203,3
12,204,3
12,205,3
12,206,3
12,207,3
12,208,3
12,209,3
12,210,3
12,211,3
12,212,3
12,213,3
12,214,4
12,215,4
12,216,4
12,217,4
12,218,4
12,219,3
12,220,3
12,221,3
12,222,3
12,223,3
12,224,3
12,225,3
12,226,3
12,227,3
12,228,3
12,229,3
12,230,3
12,231,3
12,232,3
12,233,3
12,234,3
12,235,3
12,236,3
12,237,3
12,238,3
12,239,3
12,240,3
12,241,3
12,242,3
12,243,3
12,244,3
12,245,3
12,246,3
12,247,3
12,248,3
12,249,3
12,250,3
12,251,3
12,252,3
12,253,3
12,254,3
12,255,3
12,256,3
12,257,3
12,258,3
12,259,3
12,260,3
12,261,3
12,262,3
12,263,3
12,264,3
12,265,3
12,266,3
12,267,3
12,268,3
12,269,3
12,270,3
12,271,3
12,272,3
12,273,3
12,274,3
12,275,3
12,276,3
12,277,3
12,278,3
12,279,3
12,280,3
12,281,3
12,282,3
12,283,3
12,284,3
12,285,3
12,286,3
12,287,3
12,288,3
12,289,3
12,290,3
12,291,3
12,292,3
12,293,6
12,294,6
12,295,6
12,296,6
12,297,3
12,298,3
12,299,3
12,300,3
12,301,3
12,302,3
12,303,3
12,304,3
12,305,3
12,306,3
12,307,3
12,308,3
12,309,3
12,310,3
12,311,3
12,312,3
12,313,3
12,314,3
12,315,3
12,316,3
12,317,3
12,318,3
12,319,3
12,320,3
12,321,3
12,322,3
12,323,3
12,324,3
12,325,3
12,326,3
12,327,3
12,328,3
12,329,3
12,330,3
12,331,3
12,332,3
12,333,3
12,334,3
12,335,3
12,336,3
12,337,3
12,338,3
12,339,3
12,340,3
12,341,3
12,342,3
12,343,3
12,344,3
12,345,3
12,346,3
12,347,3
12,348,3
12,349,6
12,350,6
12,351,6
12,352,6
12,353,6
12,354,6
12,355,6
12,356,6
12,357,6
12,358,6
12,359,6
12,360,6
12,361,3
12,362,3
12,363,3
12,364,3
12,365,3
12,366,3
12,367,3
12,368,3
12,369,3
12,370,3
12,371,3
12,372,3
12,373,3
12,374,3
12,375,3
12,376,3
12,377,3
12,378,3
12,379,3
12,380,3
12,381,3
12,382,3
12,383,3
12,384,3
12,385,3
12,386,3
12,387,3
12,388,3
12,389,3
12,390,3
12,391,3
12,392,3
12,393,3
12,394,3
12,395,3
12,396,3
12,397,3
12,398,3
12,399,3
12,400,3
12,401,3
12,402,3
12,403,3
12,404,3
12,405,3
12,406,6
12,407,6
12,408,6
12,409,6
12,410,6
12,411,3
12,412,3
12,413,3
12,414,3
12,415,3
12,416,3
12,417,3
12,418,3
12,419,3
12,420,3
12,421,3
12,422,3
12,423,3
12,424,3
12,425,3
12,426,3
12,427,3
12,428,3
12,429,3
12,430,3
12,431,3
12,432,3
12,433,3
12,434,3
12,435,3
12,436,3
12,437,3
12,438,3
12,439,3
12,440,3
12,441,3
12,442,3
12,443,3
12,444,3
12,445,3
12,446,3
12,447,3
12,448,3
12,449,3
12,450,3
12,451,3
12,452,3
12,453,3
12,454,3
12,455,3
12,456,3
12,457,3
12,458,3
12,459,3
12,460,3
12,461,3
12,462,3
12,463,3
12,464,3
12,465,3
12,466,3
12,467,3
12,468,3
12,469,3
12,470,3
12,471,3
12,472,3
12,473,3
12,474,3
12,475,3
12,476,3
12,477,3
12,478,3
12,479,3
12,480,3
12,481,3
12,482,3
12,483,3
12,484,3
12,485,3
12,486,3
12,487,3
12,488,3
12,489,3
12,490,3
12,491,3
12,492,3
12,493,3
12,494,3
12,495,3
12,496,3
12,497,3
12,498,3
12,499,3
12,500,3
12,501,3
12,502,3
12,503,3
12,504,3
12,505,3
12,506,3
12,507,3
12,508,3
12,509,3
12,510,3
12,511,3
12,512,3
12,513,3
12,514,3
12,515,3
12,516,3
12,517,3
12,518,3
12,519,3
12,520,3
12,521,3
12,522,3
12,523,3
12,524,3
12,525,3
12,526,3
12,527,3
12,528,3
12,529,3
12,530,3
12,531,3
12,532,3
12,533,3
12,534,3
12,535,3
12,536,3
12,537,3
12,538,3
12,539,3
12,540,3
12,541,3
12,542,3
12,543,3
12,544,3
12,545,3
12,546,3
12,547,3
12,548,3
12,549,3
12,550,3
12,551,3
12,552,3
12,553,3
12,554,3
12,555,2
12,556,2
12,557,2
12,558,2
12,559,2
12,560,2
12,561,2
12,562,2
12,563,2
12,564,2
12,565,2
12,566,2
12,567,2
12,568,2
12,569,2
12,570,2
12,571,2
12,572,2
12,573,2
12,574,2
12,575,2
12,576,2
12,577,2
12,578,2
12,579,2
12,580,2
12,581,1
12,582,1
12,583,1
12,584,1
12,585,1
12,586,1
12,587,1
12,588,1
12,589,1
12,590,1
12,591,1
12,592,1
12,593,1
12,594,1
12,595,1
12,596,1
12,597,1
12,598,1
12,599,1
12,600,1
12,601,1
12,602,1
12,603,1
12,604,1
12,605,1
12,606,1
12,607,1
12,608,1
12,609,1
12,610,1
12,611,1
12,612,1
12,613,1
12,614,1
12,615,1
12,616,1
12,617,1
12,618,1
12,619,1
12,620,1
12,621,1
12,622,1
12,623,1
12,624,1
12,625,1
12,626,1
12,627,1
12,628,1
12,629,1
12,630,1
12,631,1
12,632,0
12,633,0
12,634,0
12,635,0
12,636,0
12,637,0
12,638,0
12,639,0
12,640,0
12,641,0
12,642,0
12,643,0
12,644,0
12,645,0
12,646,0
12,647,0
13,001,0
13,002,0
13,003,0
13,004,0
13,005,0
13,006,0
13,007,0
13,008,0
13,009,0
13,010,0
13,011,0
13,012,0
13,013,0
13,014,0
13,015,0
13,016,0
13,017,0
13,018,0
13,019,0
13,020,0
13,021,0
13,022,0
13,023,0
13,024,0
13,025,0
13,026,0
13,027,0
13,028,0
13,029,0
13,030,0
13,031,0
13,032,0
13,033,0
13,034,0
13,035,0
13,036,0
13,037,0
13,038,0
13,039,0
13,040,0
13,041,1
13,042,1
13,043,1
13,044,1
13,045,1
13,046,1
13,047,1
13,048,1
13,049,1
13,050,1
13,051,1
13,052,1
13,053,1
13,054,1
13,055,1
13,056,1
13,057,1
13,058,1
13,059,1
13,060,1
13,061,1
13,062,1
13,063,1
13,064,1
13,065,1
13,066,1
13,067,1
13,068,1
13,069,1
13,070,1
13,071,1
13,072,1
13,073,1
13,074,1
13,075,1
13,076,1
13,077,1
13,078,1
13,079,1
13,080,1
13,081,1
13,082,3
13,083,3
13,084,3
13,085,3
13,086,3
13,087,3
13,088,3
13,089,5
13,090,5
13,091,5
13,092,5
13,093,5
13,094,5
13,095,5
13,096,5
13,097,5
13,098,5
13,099,5
13,100,5
13,101,3
13,102,3
13,103,4
13,104,4
13,105,4
13,106,4
13,107,4
13,108,4
13,109,4
13,110,4
13,111,4
13,112,4
13,113,4
13,114,4
13,115,4
13,116,4
13,117,4
13,118,4
13,119,4
13,120,4
13,121,4
13,122,4
13,123,4
13,124,4
13,125,4
13,126,4
13,127,4
13,128,4
13,129,4
13,130,4
13,131,4
13,132,4
13,133,4
13,134,4
13,135,4
13,136,4
13,137,3
13,138,3
13,139,3
13,140,3
13,141,3
13,142,3
13,143,3
13,144,3
13,145,3
13,146,3
13,147,3
13,148,3
13,149,3
13,150,3
13,151,3
13,152,3
13,153,3
13,154,3
13,155,3
13,156,3
13,157,3
13,158,3
13,159,3
13,160,3
13,161,3
13,162,3
13,163,3
13,164,3
13,165,3
13,166,6
13,167,6
13,168,6
13,169,6
13,170,6
13,171,6
13,172,6
13,173,6
13,174,6
13,175,6
13,176,6
13,177,6
13,178,6
13,179,6
13,180,6
13,181,6
13,182,6
13,183,6
13,184,6
13,185,6
13,186,6
13,187,6
13,188,6
13,189,6
13,190,6
13,191,6
13,192,6
13,193,6
13,194,6
13,195,6
13,196,6
13,197,6
13,198,6
13,199,6
13,200,6
13,201,3
13,202,3
13,203,3
13,204,3
13,205,3
13,206,3
13,207,3
13,208,3
13,209,3
13,210,3
13,211,3
13,212,3
13,213,3
13,214,3
13,215,3
13,216,3
13,217,3
13,218,3
13,219,3
13,220,3
13,221,3
13,222,3
13,223,3
13,224,3
13,225,3
13,226,3
13,227,3
13,228,3
13,229,3
13,230,3
13,231,3
13,232,3
13,233,3
13,234,3
13,235,3
13,236,3
13,237,3
13,238,3
13,239,3
13,240,3
13,241,3
13,242,3
13,243,3
13,244,3
13,245,3
13,246,3
13,247,3
13,248,3
13,249,3
13,250,3
13,251,3
13,252,3
13,253,3
13,254,3
13,255,3
13,256,3
13,257,3
13,258,3
13,259,3
13,260,3
13,261,3
13,262,3
13,263,3
13,264,3
13,265,3
13,266,3
13,267,3
13,268,3
13,269,3
13,270,3
13,271,3
13,272,3
13,273,3
13,274,3
13,275,3
13,276,3
13,277,3
13,278,3
13,279,3
13,280,3
13,281,3
13,282,3
13,283,3
13,284,3
13,285,3
13,286,3
13,287,3
13,288,3
13,289,3
13,290,3
13,291,3
13,292,2
13,293,2
13,294,2
13,295,2
13,296,2
13,297,2
13,298,2
13,299,2
13,300,2
13,301,2
13,302,2
13,303,2
13,304,2
13,305,2
13,306,2
13,307,2
13,308,2
13,309,2
13,310,2
13,311,2
13,312,2
13,313,2
13,314,2
13,315,2
13,316,2
13,317,2
13,318,2
13,319,2
13,320,2
13,321,2
13,322,2
13,323,2
13,324,2
13,325,2
13,326,2
13,327,2
13,328,2
13,329,2
13,330,2
13,331,2
13,332,2
13,333,2
13,334,2
13,335,2
13,336,2
13,337,2
13,338,2
13,339,2
13,340,2
13,341,2
13,342,2
13,343,2
13,344,2
13,345,2
13,346,2
13,347,2
13,348,2
13,349,2
13,350,2
13,351,2
13,352,2
13,353,2
13,354,2
13,355,1
13,356,1
13,357,1
13,358,1
13,359,1
13,360,1
13,361,1
13,362,1
13,363,1
13,364,1
13,365,1
13,366,1
13,367,1
13,368,1
13,369,1
13,370,1
13,371,1
13,372,1
13,373,1
13,374,1
13,375,1
13,376,1
13,377,1
13,378,1
13,379,1
13,380,1
13,381,1
13,382,1
13,383,1
13,384,1
13,385,1
13,386,1
13,387,1
13,388,1
13,389,1
13,390,1
13,391,1
13,392,1
13,393,1
13,394,1
13,395,1
13,396,1
13,397,1
13,398,1
13,399,1
13,400,1
13,401,1
13,402,1
13,403,1
13,404,1
13,405,1
13,406,1
13,407,1
13,408,1
13,409,1
13,410,1
13,411,1
13,412,1
13,413,1
13,414,1
13,415,1
13,416,1
13,417,1
13,418,1
13,419,1
13,420,1
13,421,1
13,422,1
13,423,1
13,424,1
13,425,1
13,426,1
13,427,1
13,428,1
13,429,1
13,430,1
13,431,1
13,432,1
13,433,1
13,434,1
13,435,1
13,436,1
13,437,1
13,438,1
13,439,1
13,440,1
13,441,1
13,442,1
13,443,1
13,444,1
13,445,1
13,446,1
13,447,1
13,448,1
13,449,1
13,450,1
13,451,0
13,452,0
13,453,0
13,454,0
13,455,0
13,456,0
13,457,0
13,458,0
13,459,0
13,460,0
13,461,0
13,462,0
13,463,0
13,464,0
13,465,0
13,466,0
13,467,0
13,468,0
13,469,0
13,470,0
13,471,0
13,472,0
13,473,0
13,474,0
13,475,0
13,476,0
13,477,0
13,478,0
13,479,0
13,480,0
13,481,0
13,482,0
13,483,0
13,484,0
13,485,0
13,486,0
13,487,0
13,488,0
13,489,0
13,490,0
13,491,0
13,492,0
13,493,0
13,494,0
13,495,0
14,001,0
14,002,0
14,003,0
14,004,0
14,005,0
14,006,0
14,007,0
14,008,0
14,009,0
14,010,0
14,011,0
14,012,0
14,013,0
14,014,0
14,015,0
14,016,0
14,017,0
14,018,0
14,019,1
14,020,1
14,021,1
14,022,1
14,023,1
14,024,1
14,025,1
14,026,1
14,027,1
14,028,1
14,029,1
14,030,1
14,031,1
14,032,1
14,033,1
14,034,1
14,035,1
14,036,1
14,037,1
14,038,1
14,039,1
14,040,1
14,041,1
14,042,1
14,043,1
14,044,1
14,045,1
14,046,1
14,047,1
14,048,1
14,049,1
14,050,1
14,051,1
14,052,1
14,053,1
14,054,1
14,055,1
14,056,1
14,057,1
14,058,1
14,059,1
14,060,1
14,061,1
14,062,1
14,063,1
14,064,1
14,065,3
14,066,3
14,067,3
14,068,3
14,069,3
14,070,3
14,071,3
14,072,5
14,073,5
14,074,5
14,075,5
14,076,5
14,077,5
14,078,3
14,079,4
14,080,4
14,081,4
14,082,4
14,083,3
14,084,3
14,085,3
14,086,3
14,087,3
14,088,3
14,089,3
14,090,3
14,091,3
14,092,3
14,093,3
14,094,3
14,095,3
14,096,3
14,097,3
14,098,3
14,099,3
14,100,3
14,101,3
14,102,3
14,103,3
14,104,3
14,105,3
14,106,3
14,107,3
14,108,3
14,109,3
14,110,3
14,111,3
14,112,3
14,113,3
14,114,3
14,115,3
14,116,3
14,117,3
14,118,3
14,119,3
14,120,3
14,121,3
14,122,3
14,123,3
14,124,3
14,125,3
14,126,3
14,127,3
14,128,3
14,129,3
14,130,3
14,131,6
14,132,6
14,133,6
14,134,6
14,135,6
14,136,6
14,137,6
14,138,6
14,139,6
14,140,6
14,141,6
14,142,6
14,143,6
14,144,6
14,145,3
14,146,3
14,147,3
14,148,3
14,149,3
14,150,3
14,151,3
14,152,3
14,153,3
14,154,3
14,155,3
14,156,3
14,157,3
14,158,3
14,159,3
14,160,3
14,161,3
14,162,3
14,163,3
14,164,3
14,165,3
14,166,3
14,167,3
14,168,3
14,169,3
14,170,3
14,171,3
14,172,3
14,173,3
14,174,3
14,175,3
14,176,3
14,177,3
14,178,3
14,179,3
14,180,3
14,181,3
14,182,3
14,183,3
14,184,3
14,185,3
14,186,3
14,187,3
14,188,3
14,189,3
14,190,3
14,191,3
14,192,3
14,193,3
14,194,3
14,195,3
14,196,3
14,197,3
14,198,3
14,199,3
14,200,3
14,201,3
14,202,3
14,203,3
14,204,3
14,205,3
14,206,3
14,207,3
14,208,3
14,209,3
14,210,3
14,211,3
14,212,3
14,213,3
14,214,3
14,215,3
14,216,3
14,217,3
14,218,3
14,219,3
14,220,3
14,221,3
14,222,3
14,223,3
14,224,3
14,225,3
14,226,3
14,227,3
14,228,3
14,229,3
14,230,3
14,231,3
14,232,3
14,233,3
14,234,3
14,235,3
14,236,3
14,237,3
14,238,3
14,239,3
14,240,3
14,241,3
14,242,3
14,243,3
14,244,3
14,245,3
14,246,3
14,247,3
14,248,3
14,249,3
14,250,3
14,251,3
14,252,3
14,253,3
14,254,3
14,255,3
14,256,3
14,257,3
14,258,3
14,259,3
14,260,3
14,261,3
14,262,3
14,263,3
14,264,3
14,265,3
14,266,3
14,267,3
14,268,3
14,269,3
14,270,6
14,271,6
14,272,6
14,273,6
14,274,6
14,275,3
14,276,3
14,277,3
14,278,3
14,279,3
14,280,3
14,281,3
14,282,3
14,283,3
14,284,3
14,285,3
14,286,3
14,287,3
14,288,3
14,289,3
14,290,3
14,291,3
14,292,3
14,293,3
14,294,3
14,295,3
14,296,3
14,297,3
14,298,3
14,299,3
14,300,3
14,301,3
14,302,3
14,303,3
14,304,3
14,305,3
14,306,3
14,307,3
14,308,3
14,309,3
14,310,3
14,311,3
14,312,3
14,313,3
14,314,3
14,315,3
14,316,3
14,317,3
14,318,3
14,319,3
14,320,3
14,321,3
14,322,3
14,323,3
14,324,3
14,325,3
14,326,3
14,327,3
14,328,3
14,329,3
14,330,3
14,331,3
14,332,3
14,333,3
14,334,3
14,335,3
14,336,3
14,337,3
14,338,3
14,339,3
14,340,3
14,341,3
14,342,3
14,343,3
14,344,3
14,345,3
14,346,3
14,347,3
14,348,3
14,349,3
14,350,3
14,351,3
14,352,3
14,353,3
14,354,3
14,355,3
14,356,3
14,357,3
14,358,3
14,359,3
14,360,3
14,361,3
14,362,3
14,363,3
14,364,3
14,365,3
14,366,3
14,367,3
14,368,3
14,369,3
14,370,3
14,371,3
14,372,3
14,373,3
14,374,3
14,375,3
14,376,3
14,377,3
14,378,3
14,379,3
14,380,3
14,381,3
14,382,3
14,383,3
14,384,3
14,385,3
14,386,3
14,387,3
14,388,3
14,389,3
14,390,3
14,391,3
14,392,3
14,393,3
14,394,3
14,395,3
14,396,3
14,397,3
14,398,3
14,399,3
14,400,3
14,401,3
14,402,3
14,403,3
14,404,3
14,405,3
14,406,3
14,407,3
14,408,3
14,409,3
14,410,3
14,411,3
14,412,3
14,413,3
14,414,3
14,415,3
14,416,3
14,417,3
14,418,3
14,419,3
14,420,3
14,421,3
14,422,3
14,423,3
14,424,3
14,425,3
14,426,3
14,427,3
14,428,3
14,429,3
14,430,3
14,431,3
14,432,3
14,433,3
14,434,3
14,435,3
14,436,3
14,437,3
14,438,3
14,439,3
14,440,3
14,441,3
14,442,3
14,443,3
14,444,3
14,445,3
14,446,3
14,447,3
14,448,3
14,449,3
14,450,3
14,451,3
14,452,3
14,453,3
14,454,3
14,455,3
14,456,3
14,457,3
14,458,3
14,459,3
14,460,3
14,461,3
14,462,3
14,463,3
14,464,3
14,465,3
14,466,3
14,467,3
14,468,3
14,469,3
14,470,3
14,471,3
14,472,3
14,473,3
14,474,3
14,475,3
14,476,3
14,477,3
14,478,3
14,479,3
14,480,3
14,481,3
14,482,3
14,483,3
14,484,3
14,485,3
14,486,3
14,487,3
14,488,3
14,489,3
14,490,3
14,491,3
14,492,3
14,493,3
14,494,3
14,495,3
14,496,3
14,497,3
14,498,3
14,499,3
14,500,3
14,501,3
14,502,3
14,503,3
14,504,3
14,505,3
14,506,3
14,507,3
14,508,3
14,509,3
14,510,3
14,511,3
14,512,3
14,513,3
14,514,3
14,515,3
14,516,3
14,517,3
14,518,3
14,519,3
14,520,3
14,521,3
14,522,3
14,523,3
14,524,3
14,525,3
14,526,6
14,527,6
14,528,6
14,529,6
14,530,6
14,531,6
14,532,6
14,533,6
14,534,6
14,535,6
14,536,6
14,537,6
14,538,6
14,539,6
14,540,6
14,541,6
14,542,6
14,543,6
14,544,6
14,545,6
14,546,3
14,547,3
14,548,3
14,549,3
14,550,3
14,551,3
14,552,3
14,553,3
14,554,3
14,555,3
14,556,3
14,557,3
14,558,3
14,559,3
14,560,3
14,561,3
14,562,3
14,563,3
14,564,3
14,565,3
14,566,3
14,567,3
14,568,3
14,569,3
14,570,3
14,571,3
14,572,3
14,573,3
14,574,3
14,575,3
14,576,3
14,577,3
14,578,3
14,579,3
14,580,3
14,581,3
14,582,3
14,583,3
14,584,3
14,585,3
14,586,3
14,587,3
14,588,3
14,589,3
14,590,3
14,591,3
14,592,3
14,593,3
14,594,3
14,595,3
14,596,3
14,597,3
14,598,3
14,599,3
14,600,3
14,601,3
14,602,3
14,603,3
14,604,3
14,605,3
14,606,3
14,607,3
14,608,3
14,609,3
14,610,3
14,611,3
14,612,3
14,613,3
14,614,3
14,615,3
14,616,3
14,617,3
14,618,3
14,619,3
14,620,3
14,621,3
14,622,3
14,623,3
14,624,3
14,625,3
14,626,3
14,627,3
14,628,3
14,629,3
14,630,3
14,631,3
14,632,3
14,633,3
14,634,3
14,635,3
14,636,3
14,637,3
14,638,3
14,639,3
14,640,3
14,641,3
14,642,3
14,643,3
14,644,3
14,645,3
14,646,3
14,647,3
14,648,3
14,649,3
14,650,3
14,651,3
14,652,3
14,653,3
14,654,3
14,655,3
14,656,3
14,657,3
14,658,3
14,659,3
14,660,3
14,661,3
14,662,3
14,663,3
14,664,3
14,665,3
14,666,3
14,667,3
14,668,3
14,669,3
14,670,3
14,671,3
14,672,3
14,673,3
14,674,3
14,675,3
14,676,3
14,677,3
14,678,3
14,679,3
14,680,3
14,681,3
14,682,3
14,683,3
14,684,3
14,685,3
14,686,3
14,687,3
14,688,3
14,689,3
14,690,3
14,691,3
14,692,3
14,693,3
14,694,3
14,695,3
14,696,3
14,697,3
14,698,3
14,699,3
14,700,3
14,701,3
14,702,3
14,703,3
14,704,3
14,705,3
14,706,3
14,707,3
14,708,3
14,709,3
14,710,3
14,711,3
14,712,3
14,713,3
14,714,3
14,715,3
14,716,3
14,717,3
14,718,3
14,719,3
14,720,3
14,721,3
14,722,3
14,723,3
14,724,3
14,725,3
14,726,3
14,727,3
14,728,3
14,729,3
14,730,3
14,731,3
14,732,3
14,733,3
14,734,3
14,735,3
14,736,3
14,737,3
14,738,3
14,739,3
14,740,3
14,741,3
14,742,3
14,743,3
14,744,3
14,745,3
14,746,3
14,747,3
14,748,3
14,749,3
14,750,3
14,751,3
14,752,3
14,753,3
14,754,3
14,755,3
14,756,3
14,757,3
14,758,3
14,759,3
14,760,3
14,761,3
14,762,3
14,763,3
14,764,3
14,765,3
14,766,3
14,767,3
14,768,3
14,769,3
14,770,3
14,771,3
14,772,3
14,773,3
14,774,3
14,775,3
14,776,3
14,777,3
14,778,3
14,779,3
14,780,3
14,781,3
14,782,3
14,783,3
14,784,3
14,785,3
14,786,3
14,787,3
14,788,3
14,789,3
14,790,3
14,791,3
14,792,3
14,793,3
14,794,3
14,795,3
14,796,3
14,797,3
14,798,3
14,799,3
14,800,3
14,801,3
14,802,3
14,803,3
14,804,3
14,805,3
14,806,3
14,807,3
14,808,3
14,809,3
14,810,3
14,811,3
14,812,3
14,813,3
14,814,3
14,815,3
14,816,3
14,817,3
14,818,3
14,819,3
14,820,3
14,821,3
14,822,3
14,823,3
14,824,3
14,825,3
14,826,3
14,827,3
14,828,3
14,829,3
14,830,3
14,831,3
14,832,3
14,833,3
14,834,3
14,835,3
14,836,3
14,837,3
14,838,3
14,839,3
14,840,3
14,841,3
14,842,3
14,843,3
14,844,3
14,845,3
14,846,3
14,847,3
14,848,3
14,849,3
14,850,3
14,851,3
14,852,3
14,853,3
14,854,3
14,855,3
14,856,3
14,857,3
14,858,3
14,859,3
14,860,3
14,861,3
14,862,3
14,863,3
14,864,3
14,865,3
14,866,3
14,867,3
14,868,3
14,869,3
14,870,3
14,871,3
14,872,3
14,873,3
14,874,3
14,875,3
14,876,3
14,877,3
14,878,3
14,879,3
14,880,3
14,881,3
14,882,3
14,883,3
14,884,3
14,885,3
14,886,3
14,887,3
14,888,3
14,889,3
14,890,3
14,891,3
14,892,3
14,893,3
14,894,3
14,895,3
14,896,3
14,897,3
14,898,3
14,899,3
14,900,3
14,901,3
14,902,3
14,903,3
14,904,3
14,905,3
14,906,3
14,907,3
14,908,3
14,909,3
14,910,3
14,911,3
14,912,3
14,913,3
14,914,3
14,915,3
14,916,3
14,917,3
14,918,3
14,919,3
14,920,3
14,921,3
14,922,3
14,923,3
14,924,3
14,925,3
14,926,3
14,927,3
14,928,3
14,929,3
14,930,3
14,931,3
14,932,3
14,933,3
14,934,3
14,935,3
14,936,3
14,937,3
14,938,3
14,939,3
14,940,3
14,941,3
14,942,3
14,943,3
14,944,3
14,945,3
14,946,2
14,947,2
14,948,2
14,949,2
14,950,2
14,951,2
14,952,2
14,953,2
14,954,2
14,955,2
14,956,2
14,957,2
14,958,2
14,959,2
14,960,2
14,961,2
14,962,2
14,963,2
14,964,2
14,965,2
14,966,2
14,967,2
14,968,2
14,969,2
14,970,2
14,971,2
14,972,2
14,973,2
14,974,2
14,975,2
14,976,2
14,977,2
14,978,2
14,979,2
14,980,2
14,981,2
14,982,2
14,983,2
14,984,2
14,985,2
14,986,2
14,987,2
14,988,2
14,989,2
14,990,2
14,991,2
14,992,2
14,993,2
14,994,2
14,995,2
14,996,2
14,997,2
14,998,2
15,001,0
15,002,0
15,003,0
15,004,1
15,005,1
15,006,1
15,007,1
15,008,1
15,009,1
15,010,1
15,011,1
15,012,1
15,013,1
15,014,1
15,015,1
15,016,1
15,017,1
15,018,1
15,019,1
15,020,1
15,021,1
15,022,1
15,023,1
15,024,1
15,025,1
15,026,1
15,027,1
15,028,1
15,029,1
15,030,1
15,031,1
15,032,1
15,033,1
15,034,1
15,035,1
15,036,1
15,037,1
15,038,1
15,039,1
15,040,1
15,041,1
15,042,1
15,043,1
15,044,1
15,045,1
15,046,1
15,047,1
15,048,1
15,049,1
15,050,1
15,051,1
15,052,1
15,053,1
15,054,1
15,055,1
15,056,1
15,057,1
15,058,1
15,059,1
15,060,1
15,061,1
15,062,1
15,063,1
15,064,1
15,065,1
15,066,1
15,067,1
15,068,1
15,069,1
15,070,1
15,071,1
15,072,1
15,073,1
15,074,1
15,075,1
15,076,1
15,077,3
15,078,3
15,079,3
15,080,3
15,081,3
15,082,5
15,083,5
15,084,5
15,085,5
15,086,5
15,087,5
15,088,5
15,089,5
15,090,5
15,091,5
15,092,5
15,093,5
15,094,5
15,095,5
15,096,5
15,097,5
15,098,5
15,099,5
15,100,5
15,101,5
15,102,5
15,103,5
15,104,5
15,105,5
15,106,5
15,107,5
15,108,5
15,109,5
15,110,5
15,111,5
15,112,5
15,113,5
15,114,5
15,115,5
15,116,5
15,117,5
15,118,5
15,119,5
15,120,5
15,121,5
15,122,5
15,123,5
15,124,5
15,125,5
15,126,5
15,127,5
15,128,5
15,129,5
15,130,5
15,131,5
15,132,5
15,133,5
15,134,5
15,135,5
15,136,5
15,137,5
15,138,5
15,139,5
15,140,5
15,141,5
15,142,5
15,143,3
15,144,3
15,145,4
15,146,4
15,147,4
15,148,3
15,149,3
15,150,3
15,151,3
15,152,3
15,153,3
15,154,3
15,155,3
15,156,3
15,157,3
15,158,3
15,159,3
15,160,3
15,161,3
15,162,3
15,163,3
15,164,3
15,165,3
15,166,3
15,167,3
15,168,3
15,169,3
15,170,3
15,171,3
15,172,3
15,173,3
15,174,3
15,175,3
15,176,3
15,177,3
15,178,3
15,179,3
15,180,6
15,181,6
15,182,3
15,183,3
15,184,3
15,185,3
15,186,3
15,187,3
15,188,3
15,189,3
15,190,3
15,191,3
15,192,3
15,193,3
15,194,3
15,195,3
15,196,3
15,197,3
15,198,3
15,199,3
15,200,3
15,201,3
15,202,3
15,203,3
15,204,3
15,205,3
15,206,3
15,207,3
15,208,3
15,209,3
15,210,3
15,211,3
15,212,3
15,213,3
15,214,3
15,215,3
15,216,3
15,217,3
15,218,3
15,219,3
15,220,3
15,221,3
15,222,3
15,223,3
15,224,3
15,225,3
15,226,3
15,227,3
15,228,3
15,229,3
15,230,3
15,231,3
15,232,3
15,233,3
15,234,3
15,235,3
15,236,3
15,237,3
15,238,3
15,239,3
15,240,3
15,241,3
15,242,3
15,243,3
15,244,3
15,245,3
15,246,3
15,247,3
15,248,3
15,249,3
15,250,3
15,251,3
15,252,3
15,253,3
15,254,3
15,255,3
15,256,3
15,257,3
15,258,3
15,259,3
15,260,3
15,261,3
15,262,3
15,263,3
15,264,3
15,265,3
15,266,3
15,267,3
15,268,3
15,269,3
15,270,3
15,271,3
15,272,3
15,273,3
15,274,3
15,275,3
15,276,3
15,277,3
15,278,3
15,279,3
15,280,3
15,281,3
15,282,3
15,283,3
15,284,3
15,285,3
15,286,3
15,287,3
15,288,3
15,289,3
15,290,3
15,291,3
15,292,3
15,293,3
15,294,3
15,295,3
15,296,3
15,297,3
15,298,3
15,299,3
15,300,3
15,301,3
15,302,3
15,303,3
15,304,3
15,305,3
15,306,3
15,307,3
15,308,3
15,309,3
15,310,3
15,311,3
15,312,3
15,313,3
15,314,3
15,315,3
15,316,3
15,317,3
15,318,3
15,319,3
15,320,3
15,321,3
15,322,3
15,323,3
15,324,3
15,325,3
15,326,3
15,327,3
15,328,3
15,329,3
15,330,3
15,331,3
15,332,3
15,333,3
15,334,3
15,335,3
15,336,3
15,337,3
15,338,3
15,339,3
15,340,3
15,341,3
15,342,3
15,343,3
15,344,3
15,345,3
15,346,3
15,347,3
15,348,3
15,349,3
15,350,3
15,351,3
15,352,3
15,353,3
15,354,3
15,355,3
15,356,3
15,357,3
15,358,3
15,359,3
15,360,3
15,361,3
15,362,3
15,363,3
15,364,3
15,365,3
15,366,3
15,367,3
15,368,3
15,369,3
15,370,3
15,371,3
15,372,3
15,373,3
15,374,3
15,375,3
15,376,3
15,377,3
15,378,3
15,379,3
15,380,3
15,381,3
15,382,3
15,383,3
15,384,3
15,385,3
15,386,3
15,387,3
15,388,3
15,389,3
15,390,3
15,391,3
15,392,3
15,393,3
15,394,3
15,395,3
15,396,3
15,397,3
15,398,3
15,399,3
15,400,3
15,401,3
15,402,3
15,403,3
15,404,3
15,405,3
15,406,3
15,407,3
15,408,3
15,409,3
15,410,3
15,411,3
15,412,3
15,413,6
15,414,6
15,415,6
15,416,6
15,417,6
15,418,6
15,419,6
15,420,6
15,421,6
15,422,6
15,423,6
15,424,3
15,425,3
15,426,3
15,427,3
15,428,3
15,429,3
15,430,3
15,431,3
15,432,3
15,433,3
15,434,3
15,435,3
15,436,3
15,437,3
15,438,3
15,439,3
15,440,3
15,441,3
15,442,3
15,443,3
15,444,3
15,445,3
15,446,3
15,447,3
15,448,3
15,449,3
15,450,3
15,451,3
15,452,3
15,453,3
15,454,3
15,455,3
15,456,3
15,457,3
15,458,3
15,459,3
15,460,3
15,461,3
15,462,3
15,463,3
15,464,3
15,465,3
15,466,3
15,467,3
15,468,3
15,469,3
15,470,3
15,471,3
15,472,3
15,473,3
15,474,3
15,475,3
15,476,3
15,477,3
15,478,3
15,479,3
15,480,3
15,481,3
15,482,3
15,483,3
15,484,3
15,485,3
15,486,3
15,487,3
15,488,3
15,489,3
15,490,3
15,491,3
15,492,3
15,493,3
15,494,3
15,495,3
15,496,3
15,497,3
15,498,3
15,499,3
15,500,3
15,501,3
15,502,3
15,503,3
15,504,3
15,505,3
15,506,3
15,507,3
15,508,3
15,509,3
15,510,3
15,511,3
15,512,3
15,513,3
15,514,3
15,515,3
15,516,3
15,517,3
15,518,3
15,519,3
15,520,3
15,521,3
15,522,3
15,523,3
15,524,3
15,525,3
15,526,3
15,527,3
15,528,3
15,529,3
15,530,3
15,531,3
15,532,3
15,533,3
15,534,3
15,535,3
15,536,3
15,537,3
15,538,3
15,539,3
15,540,3
15,541,3
15,542,3
15,543,3
15,544,3
15,545,3
15,546,3
15,547,3
15,548,3
15,549,3
15,550,3
15,551,3
15,552,3
15,553,3
15,554,3
15,555,3
15,556,3
15,557,3
15,558,3
15,559,3
15,560,3
15,561,3
15,562,3
15,563,3
15,564,3
15,565,3
15,566,3
15,567,3
15,568,3
15,569,3
15,570,3
15,571,3
15,572,3
15,573,3
15,574,3
15,575,3
15,576,3
15,577,3
15,578,3
15,579,3
15,580,3
15,581,3
15,582,3
15,583,3
15,584,3
15,585,3
15,586,3
15,587,3
15,588,3
15,589,3
15,590,3
15,591,3
15,592,3
15,593,3
15,594,3
15,595,3
15,596,3
15,597,3
15,598,3
15,599,3
15,600,3
15,601,3
15,602,3
15,603,3
15,604,3
15,605,3
15,606,3
15,607,3
15,608,3
15,609,3
15,610,3
15,611,3
15,612,3
15,613,3
15,614,3
15,615,3
15,616,3
15,617,3
15,618,3
15,619,3
15,620,3
15,621,3
15,622,3
15,623,3
15,624,3
15,625,3
15,626,3
15,627,3
15,628,3
15,629,3
15,630,3
15,631,3
15,632,3
15,633,3
15,634,3
15,635,3
15,636,3
15,637,3
15,638,3
15,639,3
15,640,3
15,641,3
15,642,3
15,643,3
15,644,3
15,645,3
15,646,3
15,647,3
15,648,3
15,649,3
15,650,3
15,651,3
15,652,3
15,653,3
15,654,3
15,655,3
15,656,3
15,657,3
15,658,3
15,659,3
15,660,3
15,661,3
15,662,3
15,663,3
15,664,3
15,665,3
15,666,3
15,667,3
15,668,3
15,669,3
15,670,3
15,671,3
15,672,3
15,673,3
15,674,3
15,675,3
15,676,3
15,677,3
15,678,3
15,679,3
15,680,3
15,681,3
15,682,3
15,683,3
15,684,3
15,685,3
15,686,3
15,687,3
15,688,3
15,689,3
15,690,3
15,691,3
15,692,3
15,693,3
15,694,3
15,695,3
15,696,3
15,697,3
15,698,3
15,699,3
15,700,3
15,701,3
15,702,3
15,703,3
15,704,3
15,705,3
15,706,3
15,707,3
15,708,3
15,709,3
15,710,3
15,711,3
15,712,3
15,713,3
15,714,3
15,715,3
15,716,3
15,717,3
15,718,3
15,719,3
15,720,3
15,721,3
15,722,3
15,723,3
15,724,3
15,725,3
15,726,3
15,727,3
15,728,3
15,729,3
15,730,3
15,731,3
15,732,3
15,733,3
15,734,3
15,735,3
15,736,3
15,737,3
15,738,3
15,739,3
15,740,3
15,741,3
15,742,3
15,743,3
15,744,3
15,745,3
15,746,3
15,747,3
15,748,3
15,749,3
15,750,3
15,751,3
15,752,3
15,753,3
15,754,3
15,755,3
15,756,3
15,757,3
15,758,3
15,759,3
15,760,3
15,761,3
15,762,3
15,763,3
15,764,3
15,765,3
15,766,3
15,767,3
15,768,3
15,769,3
15,770,3
15,771,3
15,772,3
15,773,3
15,774,3
15,775,3
15,776,3
15,777,3
15,778,3
15,779,3
15,780,3
15,781,3
15,782,3
15,783,3
15,784,3
15,785,3
15,786,3
15,787,3
15,788,3
15,789,3
15,790,3
15,791,3
15,792,3
15,793,3
15,794,3
15,795,3
15,796,3
15,797,3
15,798,3
15,799,3
15,800,3
15,801,3
15,802,3
15,803,3
15,804,3
15,805,3
15,806,3
15,807,3
15,808,3
15,809,3
15,810,3
15,811,3
15,812,3
15,813,3
15,814,3
15,815,3
15,816,3
15,817,3
15,818,3
15,819,3
15,820,3
15,821,3
15,822,3
15,823,3
15,824,3
15,825,3
15,826,3
15,827,3
15,828,3
15,829,3
15,830,3
15,831,3
15,832,3
15,833,3
15,834,3
15,835,3
15,836,3
15,837,3
15,838,3
15,839,3
15,840,3
15,841,3
15,842,3
15,843,3
15,844,3
15,845,3
15,846,3
15,847,3
15,848,3
15,849,3
15,850,3
15,851,3
15,852,3
15,853,3
15,854,3
15,855,3
15,856,3
15,857,3
15,858,3
15,859,3
15,860,3
15,861,3
15,862,3
15,863,3
15,864,3
15,865,3
15,866,3
15,867,3
15,868,3
15,869,3
15,870,3
15,871,3
15,872,3
15,873,3
15,874,3
15,875,3
15,876,3
15,877,3
15,878,3
15,879,3
15,880,3
15,881,3
15,882,3
15,883,3
15,884,3
15,885,3
15,886,3
15,887,3
15,888,3
15,889,3
15,890,3
15,891,3
15,892,3
15,893,3
15,894,3
15,895,3
15,896,3
15,897,3
15,898,3
15,899,3
15,900,3
15,901,3
15,902,3
15,903,3
15,904,3
15,905,3
15,906,3
15,907,3
15,908,3
15,909,3
15,910,3
15,911,3
15,912,3
15,913,3
15,914,3
15,915,2
15,916,2
15,917,2
15,918,2
15,919,2
15,920,2
15,921,2
15,922,2
15,923,2
15,924,2
15,925,2
15,926,2
15,927,2
15,928,2
15,929,2
15,930,2
15,931,2
15,932,2
15,933,2
15,934,2
15,935,2
15,936,2
15,937,2
15,938,2
15,939,2
15,940,2
15,941,2
15,942,2
15,943,2
15,944,2
15,945,2
15,946,2
15,947,2
15,948,2
15,949,2
15,950,2
15,951,2
15,952,2
15,953,2
15,954,2
15,955,2
15,956,2
15,957,2
15,958,2
15,959,2
15,960,2
15,961,2
15,962,2
15,963,2
15,964,2
15,965,2
15,966,2
15,967,2
15,968,2
15,969,2
15,970,2
15,971,2
15,972,2
15,973,2
15,974,2
15,975,2
15,976,2
15,977,2
15,978,2
15,979,2
15,980,2
15,981,2
15,982,2
15,983,2
15,984,2
15,985,2
15,986,2
15,987,2
15,988,2
15,989,2
15,990,2
15,991,2
15,992,2
15,993,2
15,994,2
15,995,2
15,996,2
15,997,2
15,998,2